name,id,youyong,wuyong,reply,user,local,star,movie_name,movie_link,review,movie_star
男神的炎迪迪,9593388,126,30,22,https://www.douban.com/people/132758789/,北京,5,初恋这件小事,https://movie.douban.com/subject/4739952/,学长他就像我生命中的灵感，他让我了解爱的积极意义，他就像是让我一直前进的动力，其实这部在内地12年上映的泰国校园爱情小清新电影，每次想到学生时期的那份纯纯爱恋，总是会把它再刷一遍，遍遍的感触都不同，就像那个她永远在我心裡，但却越来越模糊。校园+淡淡初恋+死党哥们阋牆+闺密吃醋吵架闹彆扭+成长后回忆的淡淡哀伤与遗憾大致上总结故事在惯有的校园学长学妹暗恋开始，小水喜欢同校的那个转学生学长阿亮，她爱偷偷在角落看著他踢足球，为了他去选军乐队指挥，参与话剧演出，去报名舞蹈社团，那麽努力的改变自己只为君，中间参杂的学长阿拓闯入让阿亮忍痛退出，其实我们的记忆中或许也曾经历这样的事情，就像歌神张学友与郑中基唱的那首左右为难，一边是友情一边是爱情，如果是您，该怎麽选?  阿亮选了默默退出成全好基友与小水，这是一种属于男人间的友谊。一直以来泰国爱情电影一直都习惯的走向于暖心，并多少会添上一些些的励志色彩，就像下一站说爱你一样的模式，本片也是用了丑小鸭变天鹅模式，终赢得王子的青睐，但是爱情其实最美妙的部分就是，爱在暧昧不明时最美丽，不知道心中那个中意的他(她)是否也有同样的心情? 其实阿亮学长早就喜欢上了小水的真实与不造作的可爱，但是爱情最残酷的地方就是在不对的时间点遇上对的人，分离就成了爱情电影虐心的一个很重要手段，男女主角必须得分离，不然后面就无法营造出久别重逢的那份无与伦比的美丽。片中一些绿叶角色的发挥一样让本片增添不少分数，英语老师的搞笑作死，小水闺密们的各种逗比行为，一点一滴的让观众甚至忘了这是一部爱情电影，可能也是部喜剧呢?片中的许多小场景，话剧社裡王子与灰姑娘的排演，小水与阿拓阿亮学长去旅行的风景，小水对阿亮学长表白的那幕，那些对白再平凡不过，甚至你我都曾经说出口过，但藉由片中主人翁的演绎方式表现出来，总是那麽的温暖与撼动著我。如果青春期的爱恋故事注定要在悔恨中各自疗癒成长，那麽也愿这种唤作成熟必经之路的过往曾经能让我们都变成更优秀的人，各自在不同的地方默默等待著上天的安排，让更适合我们的人出现，在这之前我们能做的就只是等待，然后.....想办法变得更好!诚如小水在剧中所说的，在我们每一个人的内心深处，都藏著一个人，每次想起他的时候，会觉得有一点点心痛，但我们依然愿意把他留在心底，就算今天，我们不知道他在那里，他在做些甚麽，但至少知道，是他让我们了解，甚麽是初恋这件小事!,40
夜第七章,9592082,575,40,63,https://www.douban.com/people/4448539/,江苏南京,4,一出好戏,https://movie.douban.com/subject/26985127/,我画的黄渤一人类文明的「蝇王」式困境看了黄渤的《一出好戏》，无端地想起了《蝇王》，虽然这不是他剧本的原型，美剧《迷失》和特稿《太平洋逃杀记》更接近于他对于故事的想象。但《一出好戏》的剧本结构能与《蝇王》相互参照。一群人因遭厄运流落到孤岛，被困在前文明的环境里。两个故事中的人们，起初协力劳作，荜路蓝蒌，以处草莽。可是脱离人类社会愈久，内心的道德感和约束力量也就愈弱，人的动物性的那面开始浮现，再大同的幻想也终将分崩离析。电影《一出好戏》《一出好戏》把人类进化史中最隐蔽的那面都模拟了一遍，从最初的氏族社会（以小王为首，大家组织在一起打猎采果为生），到以物易物的商品社会（张总依靠发现的船骸，完成原始资本的积累，建立了岛上的物品交换规则），最后是资本竞争后形成寡头政治（马进和小兴企图抵抗过这个规则，但屡屡挫败，最后利用这个规则的逻辑，垄断了物质资源，反客为主）。在最后时期，这个岛屿其实与现代社会无异，作为等价物存在的纸牌甚至如我们当下的货币一样开始贬值。在《蝇王》中，表面和平的孩子团体分裂为两派，为以拉尔夫为代表的讲求理性的「民主派」，和以杰克为首的崇尚本能，以武力夺取权力的「专制派」。「专制派」对于资源的掠夺和占有后来者居上，战胜了前者。《蝇王》与《一出好戏》有着不同的故事走向，但隐藏在其下的社会结构大同小异，文明社会的演化大多如此。电影《一出好戏》《一出好戏》中呜呜咽咽的声音被视为不明力量，在《蝇王》中也出现了造成巨大恐慌的「野兽」。「野兽」从黑暗中来，从树林中来，从大海中来，《蝇王》从这种自然界神秘力量里挖掘出人最深层最原始的恐惧。杰克砍下猪头，把它的喉咙插进木棒的尖端，尖端捅穿猪的喉咙直到它的嘴里，血水沿着木棒淌下。孩子们以此作为献给「野兽」的祭品。苍蝇从四面八方在猪的内脏上聚成黑团。猪牙白晃晃，眼睛昏暗。这就是「蝇王」这个意象的来源，在圣经中被视为「万恶之首」。「蝇王」的存在，是对现代文明的荒诞反讽。当生存成为第一要务的时候，所谓的道德，良知，法律，规则都要给它让步，甚至可能荡然无存。人类仅有的敬畏是未知。「蝇王」就是在这种畏惧中应运而生的宗教，是我们自原始社会以来的恐惧的外化。电影《蝇王》树上的祖先们花了几百万年成了最早的人类，而后又用了几千年的时间从原始社会过渡到现代文明，但只要把人类群体在与文明社会隔绝的环境里生存，就能轻易归宗返祖。人与兽的分野仅隔着一线，「蝇王」其实是我们内心的兽性。当《蝇王》中的西蒙说出「大概野兽就是我们自己」后，他被群体视为疯子迫害至死，《一出好戏》中因说出真相而被奚落为疯癫的小王的境遇与此类似。文明看似精细巧妙，实则是纸牌搭成的城堡，在某种封闭且孤立的状态里，顷刻就能坍塌，更何况是无法被文明容忍的异端。面对人类文明的「蝇王」式困境，黄渤的《一出好戏》讲得还算温和。北野武的《大逃杀》则要极端很多，在资源有限的空间中，杀戮成为生存的唯一信念。二 何谓反乌托邦反乌托邦，是与乌托邦相对的概念。对于人类社会的图景，反乌托邦摒弃了柏拉图的《理想国》式的想象，它对人性有着深刻的疑虑。在反乌托邦的文本中，即便已经到了未来物质技术非常发达的时代，依然充斥着极权，阶级，犯罪，压迫，规驯。电影《银翼杀手》葡萄牙作家萨拉马戈的《失明症漫记》和《复明症漫记》是非常典型的反乌托邦文本。这两部小说对我个人的意义，要远大于乔治奥威尔那些经典的作品。以《失明症漫记》为例，它以一个司机在等红绿灯时突然的失明为开始，失明症像流感一样迅速扩散开，如涓涓细流逐渐把土地泡软，悄然间把整个国家变成一片泽国。面对惊恐万状且濒临失控的社会，政府把失明者和与失明者有过接触的居民都关进了精神病院。但随着失明人数以几何级数递增，精神病院成了《蝇王》中的孤岛。人们尝试过建立规则，但很快被打破。巧取豪夺者依仗着枪（权力的象征）霸占有限的资源（一日三餐），并强制各个宿舍上缴身上所有的物件，评估它们的价值后，再对食物进行定额发配。根据《失明症漫记》改编的电影《盲流感》最终这个封闭环境（精神病院）中建立的强权统治，被反抗者们以一种「流血革命」的方式推翻了。这些被关押者重获自由。可是，失去抗争意义后的自由轻如鸿毛，外面的世界并不比精神病院好多少，文明的大厦已倾，每个人都战战兢兢，惶惑不安。当唯一没有失明的医生妻子来到教堂时，她发现所有的神像都被蒙上了眼睛，连救赎的象征也不再被信任。这个消息在盲人之中造成了不小的混乱，仿若尼采说着「上帝已死」的时代，信仰崩塌。只不过在杜撰的小说里人们人们因为失明症的肆虐而失明，在尼采的时代，人们在心灵上失明。萨拉马戈在书中写了这么一段对话：「外面的世界怎么样，戴黑眼罩的老人问；医生的妻子回答说，外边和里边没有区别，这里和那里都一样，少数人和多数人也都一样，我们的现在和未来没有区别；人们呢，人们怎么样，戴墨镜的姑娘问；像幽灵一样，成为幽灵大概就是这样，确信生命存在，因为四个感觉器官这样告诉他们，但他们看不见它。」根据《失明症漫记》改编的电影《盲流感》现在和未来没有区别，因为人性从来都是一尘不变的。加缪的小说《鼠疫》描绘过同样的情形，鼠疫下的城市阿赫兰，如同失明症横行的世界。社会结构的混乱与失序，仅仅只需要一场失明症，一场鼠疫。但与加缪的存在主义式的乐观不同，萨拉马戈是悲观的，他认为虽然自己生活得很好，但这个世界却不好，残忍是人类的发明。这个世界总体而言还是朝向熵增的方向往前进。《失明症漫记》提供了一种反乌托邦的文本类型，《汉江怪物》，《流感》，《釜山行》，《雪国列车》等电影的剧本策略，和它异曲同工：把人置于绝境，而后考量人性。电影《流感》这类反乌托邦的文本架空了一部分现实，对人类社会进行了某种极端实验。它与任何人经历的世界都不像，却又很像。它在我们的真实世界背后隐现，似乎预兆着我们的未来。从这个意义上来说，《一出好戏》与《蝇王》、《失明症漫记》、《复明症漫记》、《一九八四》、《动物庄园》等，共同构筑了某种寓言。当《一出好戏》中的生存较量，扩大到整个人类社会的时候，就有了《失明症漫记》所描绘的现实。前者没有像后者一样，花大笔墨去描绘「人性恶」的世界，可它依然把世界的丑恶，以一种更柔和的方式说出了。孟京辉话剧《活着》从演员跨界到导演，是另一种全然不同的状态，但我总觉得一个演出过《斗牛》，话剧《活着》的演员，对悲剧是有着自己的理解的。黄渤完全可以用更加凌厉的现实来作为结局，但他没有选择去凝视深渊。尽管我期待黄渤拍出的是一部悲剧，把有价值的东西毁灭给人看，而不是选择大团圆，但这毕竟只是他的处女作，而且是一部商业片，他有着自己对于市场和审查等因素的考虑，毕竟像《大逃杀》这样检阅人性的命题，对于他这样性格温顺忍让的导演，未免太过沉重，这无可厚非。三世界尽头与冷酷仙境村上春树写过一篇有趣的作品，叫《世界尽头与冷酷仙境》。在这部小说中，「世界尽头」是一个幻想出来的乌托邦的世界。在这个世界里，有河流，沙洲，柳树，飞鸟，独角兽，有可以被读取的古梦。人们没有心，于是也就没有诉讼，没有痛苦，没有生老病死，没有贫困和纷争。它太完美，以至于最后「我」知道这只是「我」臆想的世界后，仍然选择留在这里。与「世界尽头」不同，「冷酷仙境」则是一个反乌托邦的世界。在「冷酷仙境」中，「我」是一个计算士，被「组织」审查了大脑，所谓的「意识核」也被保存了副本。「冷酷仙境」是一个赛博朋客式的世界，人在科技中异化。「我」在三十五年的人生里，只在最后的二十四小时，才留意到雨后的蜗牛，公园的鸽子，和近在咫尺的外在世界。小说中「我」的影子逃离了「世界尽头」，毅然回到「冷酷仙境」。我想象过《一出好戏》的另一个结局：当马进没有觉醒，而是选择留在岛屿上继续欺瞒，欢愉将继续。岛屿也将是一个美好的乌托邦的范本，像村上小说中的「世界尽头」，或《黑客帝国》中的矩阵。可是马进选择逃离他口中「一切都是假的」的岛屿。我们谅解他的抉择后，方才能理解「反乌托邦」的意义。电影《黑客帝国》一个表象上和平与完美的世界是值得警惕的，因为人向来是浪漫化与功利性并存的矛盾体。只要人身上还有着功利，自私，贪婪的一面，乌托邦就永远如梦幻泡影。当一个社会不再暴露丑陋，它势必在以不为人知的方式掩盖这些。这并不是我们对人性失望，而是我们选择真诚地面对丑与恶，和心底的「蝇王」。反乌托邦的意义也许就在于展示了美与善的另一面，它们同样不可或缺。人世间所有的东西都是相对存在的。没有阴影，我们无法知晓阳光的存在。有了丑陋，虚伪，痛苦和死亡，幸福和希望才能被体会到，才有了意义。电影《一出好戏》反乌托邦的作品是荒诞的，可是荒诞隐含了本相。现实何尝没有荒诞，又何尝不是反乌托邦的变体。黄渤在影片中用爱情完成了自我救赎。《大逃杀》中最后幸存的七原和典子也是情侣。这是导演对现实的温存。里尔克在《杜伊诺哀歌》中有句诗：「我们在相爱中相互解放，震颤地经受。」愿我们的一生有足够的爱与善良，来直面现实这个「冷酷仙境」。欢迎大家关注我的公众号：一点儿乌干菜（微信号：NarratorZhang）。一个野生建筑师的书写，记忆，想象，建造。作者：章程，野生建筑师，青年写作者，简洁有趣，知行合一。盖过几栋房子，写过几篇文章，得过数次国际建筑设计大奖约稿及合作请联系我个人微信号：Odysseyrush。豆瓣号：夜第七章 。 欢迎关注我的公众号和豆瓣：）              © 本文版权归作者           夜第七章           所有，任何形式转载请联系作者。         ,35
你谁呀,9590937,118,14,29,https://www.douban.com/people/182798080/,未知,5,小森林 夏秋篇,https://movie.douban.com/subject/25814705/,假如你现在想看一部日本电影，又觉得大师们的片子太厚重，不易接近，新电影又拿不准看个啥能轻松娱乐赏心悦目又不失逼格，那么电影红花会就给你指条明路:《小森林夏秋篇》！就是一部不看不知道，一看真奇妙的佳片，去年全世界最好看的电影之一，不信？看完无感您回来插了战台烽！除了聪明浪漫活泼机智的日本导演，估计没有哪个国家的导演能拍摄一部这样清新到极致，风格也到极致的电影。一个厌倦城市生活的姑娘，名叫小市，来到一个叫做小森的村庄，独自生活，日出而作，日落而栖，与林间的花草虫鸟同呼吸，与日月星辰共起落，每天自己做饭，煮菜，酿酒，恬淡人生，意味绵长。从影片一开场，小市骑着单车在山路上轻快的骑行，长镜头在后面一路追随，写意，富有自然的韵律，却绝无刻意，就给全片定好了节奏。然后故事在这种美好的自然律动中娓娓道来，每一帧都能当桌面的美景，一款款简单暖心的美食，让你暂时脱离所有的都市喧嚣，回归到自然，进入到在那种宁静致远的极简之境。就是简简单单的劳动，在山间行走，双脚踩着泥土用手与青菜接触，第一道美食是果酱面包，在木屋里把面和开，让面团呼吸两次，这样台词和画面，随时随地都能让人醉了。除了画面的美，更精绝的是人物的表演和故事，在极简约的画面中酝酿，烘烤，发酵，竟然形成非凡的禅意。春，夏，秋，冬，四季巡回，雨雪风霜，彩虹与晴天，时光都仿若有了生命，探望着少女的成长，母女之间的厨艺传承和情感连线，爱情，现实，都沉浸在没雕琢的自然环境中，给人一种洗尽红尘，自成一派的感受。之前有人说《小森林》是“舌尖上的日本”，其实是有点抬举“舌尖上的中国”了，《舌尖上的中国》毕竟只是一部纪录片，虽然展现了大江南北的饮食文化，基本上还是属于拿来主义，依附于美食或人文本身的魅力，做的只是一个收录整理的工作，而且第二季质量有大幅的下滑。《小森林》却是剧情片，以美食为载体，人物和地域都是统一的整体，故事性虽然不强，却有浓郁的情感表达，人物故事与美食与环境紧密环绕，形成了对现实的表达，换句通俗的话说，这是一部有态度的电影。,45
男神的炎迪迪,9590829,139,13,25,https://www.douban.com/people/132758789/,北京,4,秒速5厘米,https://movie.douban.com/subject/2043546/,当你走在熙熙攘攘的街头，忽然，一张似曾相识的脸出现在眼帘之中。未及细看，那身影已翩然而过。当你回头，茫茫人海里已无处寻觅，而刚才的邂逅，竟不知是真实存在，还是脑海中的虚幻。猛然间，那个曾经才下眉头却上心头的名字，就这样再次萦绕不去了。        不知道诸位有没有过这种经历，当《秒速五厘米》的最后，当贵树与明理就这样错过，我的脑海里，忽然涌上的，就是这样一段真实发生过的回忆。        哪怕每秒只有五厘米，十三年的漫漫时光，也恰好足够两颗心从紧紧贴近，到变成地球上最遥远的距离——从南极到北极。有人如是解释本片的片名。不知真假，但这种文艺得一塌糊涂的说法，与新海诚在影片中叙述的某种情景无比契合。或许也可以说，从把爱视为生命的全部，到忘记如何去爱一个人，我们的灵魂以每秒五厘米的速度慢慢滑落，直至地狱的深渊。        在另类多如牛毛的日本动画界，叙事平淡温情的新海诚反倒成了另类。每一帧都能拿来当电脑桌面的精美背景是他最大的特色，隽永伤感的音乐为他的影片带来打动人心的力量。人们每每感伤与他笔下人物的离情别绪，在他的作品中一次次的领悟命运的无从抵挡。新海诚从来都不算是一个编故事的高手，但他却有一种力量，让这些看似平淡的故事，一下子击中你心中某个最柔软的的地方。        新海诚笔下的主角，总是刚刚成长到懂得喜欢一个人的滋味。谁说少年不识愁滋味，真正将那些爱恨情仇放在心上，当做头等大事的，往往正是这般年纪。等到年纪再大一些，被花花世界侵袭，许多事就变得不那么在乎了。而这样的年纪，很多事情又还由不得自己做主，比如在哪里定居，比如选择什么样的未来。        比如，爱上什么人。        可曾记得，你在什么时候学会了如何去爱？曾经的青葱岁月里，是挥汗如雨的体育课堂上那阳光照样下的惊鸿一瞥，还是闷热教室中那单薄衣裳中的怦然心动?多么美好的青春，多么幸福的思恋。风雨兼程，阻隔不了与你见面的冲动，风雪交加，也只为樱花树下，此生初次绽放的爱情之花。        又可曾记得，你在什么时候遗忘了如何去爱？一次次的觥筹交错、灯红酒绿间，一句句言不由衷的虚假对白后，可能，你已经一万次说出我爱你，可真正想让她听见的那个人，却早已经消失在你的生命里，永不回来。        相濡以沫的梦，敌不过相忘于江湖的现实。        歌中唱得好，我总会遇见一个什么人，陪我过没了她的人生，成家立业之类的等等。明理之于贵树，或者贵树之于花苗，终究也不过成为了记忆中那段岁月的代名词，同回忆里青春的种种一样，永远的美好下去了。,40
电影解毒,9591655,219,15,24,https://www.douban.com/people/182580804/,北京,3,祈祷落幕时,https://movie.douban.com/subject/27040737/,电影自己剧透，叫草蛇灰线。我剧透，就叫丧心病狂。对我们这种搞影评糊口的，“剧透”问题是永远的痛。你不剧透吧，让人觉得文章没说重点，就在绕圈子蹭人家电影热度。你剧透吧，“剧透，取关了。”我只好说，“这电影结尾拍得不错。”朋友：“哎哎哎你别剧透啊。”我：？？？天地良心，电影里的墙，都比我剧透得多。当然，电影自己剧透，叫草蛇灰线。我剧透，就叫丧心病狂。东野圭吾的[祈祷落幕时]，大美妞松岛菜菜子家里那面墙，又草蛇灰线(疯狂剧透)了。出租屋内一具女尸，屋主则以流浪汉的状态，死于同一个片区。而警察加贺恭一郎发现，流浪汉，是他出走母亲的情人。一切扑朔迷离，指向舞台剧导演浅居博美(松岛菜菜子饰)怎么指向的呢？真不是我要剧透，是墙先动的口。这面墙，可能被阿部宽和松岛菜菜子的美貌震慑到失去理智，大家原谅它吧。【我下面要丧心病狂地剧透[祈祷落幕时]的草蛇灰线了，这么刺激的推理奇情片，推荐大家观后阅读剧透。】01浅居博美家里，墙壁全红，刺目，像血，也像火。乍一看，以为是地狱图面对这充满戾气的图景，浅居还是笑得温柔，轻描淡写地：“我不喜欢白墙，会让我想起以前的福利院。”但除了白之外，万千种颜色，她偏偏选择了地狱之火，厉鬼之血。这一片红光之下，她越是冷静温柔，越叫人不寒而栗。这样的墙，在这间屋里有两面原画，本来都是五彩的浮世绘。可在这件屋子里，什么斑斓的色彩全部去掉。一幅，是丰原国周的《歌舞伎座小春狂言 大阪阵诸家记录宫内局 暂》，一幅，是葛饰北斋的《富岳三十六景 神奈川冲浪里》。都有门道。02丰原国周的《歌舞伎座小春狂言 大阪阵诸家记录宫内局 暂》，描绘的是市川团十郎演绎的著名剧目《歌舞伎十八番之内 暂》。原图中，除了市川团十郎饰演的镰仓景政，右边还有一位女子，名为照叶夫人。剧目的后段，揭示了二人其实有亲属关系照叶小姐作为邪恶贵族的亲信，却力保被软禁的皇室不死，直到镰仓出手勤王。但在这幅画出现之时，右边只有一团火烧云般的模糊，只有博美，占据了右边的位置她正是[祈祷落幕时]中的照叶。画中一幕，照叶向镰仓献上武器；而[祈祷落幕时]，博美正是那个献上盔甲的人。浅居的父亲带着她逃亡，为结束女儿的漂泊日子，父亲决意自杀。而就在这时，博美失手杀了对她意图不轨的猥琐男人。这成了她递给父亲的盔甲。但披上这副盔甲，父亲就不能摆脱武士的身份，至死方休。为了不让女儿背负上杀人的过往，顺利进入福利院，正常地长大，父亲以死去男人的身份活了下去。那个男人则以父亲的身份，被抛下山崖。父亲为了让女儿好受，还安慰她但从那个时刻起，武士就踏上不归路了，他只能杀光一切挡在路上的“邪恶贵族”，以保皇室周全。或者其实是为了保住潜伏在贵族身边的照叶。歌舞伎剧目中的镰仓，是超人，是英雄，又有谁知道他除了忠义之外的感情呢？镰仓景政只需怒目以视，就能驱散贵族的随从。但这个血红色的镰仓，连瞳孔也模糊。其实早就失去姓名，失去力量，不过是在为女儿苦撑。03而另一幅画更为著名。说到浮世绘，人们就会想起它，《神奈川冲浪里》在葛饰北斋创作《富岳三十六景》之初，还是特意用了外国进口的颜料，普鲁士蓝。[祈祷落幕时]一盆血水浇过去原本开阔的景象，生出几分邪恶。这个系列中，最著名的红色富士山，是《凯风快晴》据说，夏末秋初清晨，晴朗的天气离，日光照在富士山上，就会出现这样的“红富士”。但《神奈川冲浪里》，只看惊涛骇浪，就断不可能晴朗。如这些年父女二人掩饰真相，看似度过了平静几十年，但无风无浪都是假的。最具有指向性的一幕，是博美挡住了富士山《富岳三十六景》中，富士山占据画面篇幅各不相同，但始终无声，看人类与自然无谓地搏斗。《骏州江尻》，狂风大作，行人躲避不及，行李吹落一地，连人也要站不稳《甲州石斑泽》，危崖之上，渔人撒下渔网，只是想从骇浪之中偷得几条鱼细看《神奈川冲浪里》的局部，渔人也一样被浪逼得匍匐于船上而无论何时，富士山始终静静俯视。它看穿一切，但不试图改变任何东西。而博美占据了富士山的位置。她确实是知道一切真相的人。她知道这桩双杀案要追溯到很久之前，她和父亲的往事；知道双杀案的凶手究竟是谁。但她始终不是富士山，她只是占据了那个能看清一切的位置，却没有无言凝视的力量。在人与命的搏斗中，富士山是选择不行动，而博美，不过也是神奈川浪花里，一个随时会溺水的人。04[祈祷落幕时]，是东野圭吾“加贺系列”的完结篇。在东野宇宙里，警察加贺恭一郎，和汤川学的地位几乎不相伯仲。作为这位重量级侦探的落幕之作，原著在出版时，就成绩斐然：获得吉川英治文学奖；上市后第一周即登上纪伊国屋书店销售榜第一名；读者盛赞“又找回了东野圭吾之魂”。这些当然是电影成功的基础。它在日本上映时，蝉联两周票房冠军，上映首日满意度第一。但这两幅加入的浮世绘，又让电影有了更华彩的篇章。推理电影，因此有了悲剧的内核：人在与天斗，与命斗，但始终枉然。阴错阳差，最懦弱的好人，走到最绝望的地步，成为双手沾满鲜血的恶魔。而爱一个人，是在同TA从地狱返程的途中，克制住想回头看TA一眼的冲动，带TA全身而退，返回人间。哪怕自己万劫不复。最后我想说：好辛苦才憋住了最大的剧透 -文：姜不停文章源自微信公众号：电影解毒转载需授权             © 本文版权归作者           电影解毒           所有，任何形式转载请联系作者。         ,40
打死不吃西红柿,9590896,105,14,24,https://www.douban.com/people/182791023/,未知,4,情书,https://movie.douban.com/subject/1292220/,《情书》是一部经典的初恋向青春电影，有着日本电影的典型特色，带着死亡的气息，哀凄而美好。在我看过的青春类型爱情片里，欧洲少年是忧伤而特立独行的；美国的少年是阳光而自由奔放的；韩国的少年是倔强而坚韧内敛的；只有日本的青春片，或体育热血，或文艺小清新，都隐隐带着决绝的死亡悲凉，这种独特的对死亡的崇拜让人为之心生恻隐着迷不已。《情书》正是符合以上特征：初恋、暗恋、校园、死亡、情殇。校园初恋人人都经历过，但能这么唯美地表现出来的，纵观大荧幕，真的就日本人了。电影拍摄于1994年，导演是日本小清新掌门岩井俊二，本片是他的第一部公映剧情长片，集合了当时全日本最好看的脸孔：典雅端庄的中山美穗；成熟霸气的丰川悦司；清新甜美的国民少女酒井美纪还有日本最后一个美少年柏原崇。喜欢一部电影，当然不只是因为它无懈可击的导演、演员功底和大制作，喜欢它只因为打动人心。《情书》就是这样一部不够优秀，但却能挠进你心窝的作品。故事很简单，甚至可以说是单薄，说白了就是我爱你你却爱着他/她的模式，也没有用什么绚烂的特效，但是流畅的叙事节奏、唯美的光影运用、走心的演技表达、娓娓动听的配乐将这个孱弱的故事包装得潸然泪下。    同名同姓的少年男女在同一个班级相遇，同学将他们凑对的玩笑不断，一个沉静甜美，一个倔强好强，初恋就是这样悄然而至。班级选举为玩笑而打架、帮别班女生告白生气作弄、故意在自行车灯下对答案增加相处时间、运动会逞强比赛只为能在喜爱的女孩子面前表现坚强一面等等，电影将少年少女之间那种丝丝情愫的细节表达得淋漓尽致，让观影的人都能在这些小细节中找到曾经的自己，熨帖了心底最柔软的那一块可能不为人道的部分。这些细节由成年后的女藤井树回忆构成，失去爱人的渡边博子和女藤井树两人在这些逝去的美好里逐渐找到自己——成长，也是本片的主旨之一。博子了解到未婚夫对自己“不知所起一往而深”的情感有这这样一段无奈的初衷，最后在藤井树去世的大山前释怀而接受另一个人的暗恋；而女藤井树直到学妹们给他那本男藤井树离开前的借书签，才知道原来错过了一场校园初恋，错过，再也不会回来，只能任凭追忆。    大家记忆深处的初恋，是怎样的呢？是否和影片一样，那纯纯的暗恋，含着眼泪的微笑，像春天的樱花、冬天的雪片稍纵即逝么？    你还记得电影里图书馆白色窗帘后面的藤井树吗？        你还记得现实中篮球场上迎着阳光奔跑的那个他吗？    你还记得电影里放学后车灯下对答案的藤井树吗？        你还记得现实中课堂上偷偷注视的专注的那个她吗？    你还记得电影里樱树下单车追逐的两个藤井树嘛？        你还记得现实中用小昆虫捉弄你的那个他吗？    你还记得电影里面对雪山呼喊的藤井树吗？        你还记得身边伤心而偷偷哭泣的那个她吗？    也许我们都曾忘记了过去的那些点点滴滴，青春的灿烂美好被岁月蹉跎。珍惜当下，不要像藤井树看到那张画着自己头像的借书卡时，爱已经成为记忆中的殇逝……。,45
破词儿,9591858,50,5,2,https://www.douban.com/people/pocier/,北京,4,方向,https://movie.douban.com/subject/27018299/,出租车载着这些好坏参半的社会群像，一如装下整个国家，徐徐往前，找寻方向。出租车从来不是简单的交通工具。跑遍大街小巷的老司机是活地图，不论地址多么复杂，总会准确达。上面还有风土人情，不论乘客身份各异，总会留下形色的故事。史帝芬·柯曼达瑞夫深谙其道。[方向]中，他让六台出租车飞驰在保加利亚首都。©[方向]中的出租车寒冬料峭，乘客和司机各怀心事。车内空调升温，将一趟冰冷的行程，温热成一段故事。卯足了马力的出租车，穿梭在城市车流里，车辙之间，绘出整个保加利亚的画卷。说到底，出租车和私家车就差了个计价器。于是，受节拍器启发，1875年，一位音乐老师发明了计价器，但那时汽车还没普及，出租车是马车。©当时的计价器设计图和出租车二十多年后，汽车商业化，马车逐渐退出市场，德国人戈特利布·戴姆勒将计价器改良装在了汽车上，第一台现代出租车出现。©1897年，第一台出租车被命名为“戴姆勒”，右为戴姆勒本人鉴于汽车在当时还算奢侈品，出租车的出现，给平民提供了体验机会，很快便风靡整个欧美。那会，出租车里配备有真皮沙发，空间高档又私密，加上十分新潮，很快超越咖啡厅，成了年轻情侣幽会的好去处。1908年，作曲家杰罗姆·科恩便在歌曲《出租车遇见她》中赞扬道：“把她带到一辆出租车里这才是该做的，她和你在一起。你可以用最温柔的语气说话。 如果你想要一个迷人的，兴奋的约会，去坐双人出租车吧！”这歌后来被收录到百老汇歌舞剧《蓬松褶边》。©杰罗姆·科恩和《蓬松褶边》美国记者索菲·艾琳·罗伊比也曾盛赞道“出租车是轮子上的私人宾馆”。©索菲·艾琳·罗伊比这或许是当代车震的源头，但无论怎样，诞生初期的出租车俨然成了高档会所，诱惑着年轻男女们跃跃欲试。除了谈情说爱，还可为国争光。1914年，马恩河第一次战役，为把士兵送往前线，法国军政长官约瑟夫·加利尼曾临时调用六百辆巴黎出租车。其也不负众望，仅在2一天内便运送约6000名士兵，虽然这些士兵在正面战场没派上用场，但这次行动成了法国军方和公民团结的象征，极大地鼓舞了士气。©当时的法国政府不但为此买了七万法郎的单，更是立了个“马恩岛出租车国家纪念碑”，右为当时正在上车的士兵至于出租车跑进银幕里，是1932年的事了，这一年，一部关于出租车司机的黑帮电影[出租车！]上映。©[出租车！]多年过去，人们已失去刚开始的新奇，出租车恢复本质，成了常见的交通工具。所以，[出租车！]里，即使银幕上全是出租车，吸引观众的，还是黑帮故事。电影里的出租车几乎全是黄色。即便1932年的[出租车！]是黑白电影，但里面的出租车实际仍是黄色。因为，其在纽约拍摄。而在1912年，只因妻子喜欢黄色，纽约一家出租车公司老板便把旗下所有出租车涂黄。他妻子可能旺夫，在车流里，黄色最为显眼，很快，他的出租车在竞争者中脱颖而出，占据市场半壁江山。©1924年，纽约街头的黄色出租车消息传开，后来者纷纷效仿，一时间，黄色出租车不止充满纽约，更是流行全美。甚至在1950年，还有了部单独的电影[黄色出租车司机]，尽管其还是部黑白片。©[黄色出租车司机]海报真正让黄色出租车闻名世界的是1976年马丁·斯科塞斯的[出租车司机]。该片不仅揭示了越战后美国社会的迷茫，更将纽约街头的黄色出租开进了观众心里。留着莫西干头，身穿飞行夹克，当特拉维斯开着那辆标志性黄色出租，迷不迷惘不再重要，帅就够了。©[出租车司机]，值得一提的是，特拉维斯后来成了美国青年约翰·欣克利的模仿对象，后者在1981年真的行刺了总统里根当然，不能忘了[虎胆龙威3]。布鲁斯·威利斯扮演的警长带塞缪尔·杰克逊穿越中央公园，硬是把黄色出租车开成了超跑，仿佛低配的[速度与激情]。©[虎胆龙威3]中的黄色出租车布鲁斯·威利斯或许是美国电影里最会开出租车的人，两年后，他不仅将出租车开到了未来，更开上了天，[第五元素]里，出租车虽然不走陆路，但依旧是黄色。©[第五元素]中的黄色出租车保加利亚的出租车显然深受美国影响，[方向]里索非亚街头的出租车，清一色的黄。©[方向]，黄色出租车毕竟，据2017年一项调查表明，黄色出租车因为醒目，事故率比非黄色出租至少要低9％。黄色安全，辨识度高，尽管全世界的出租车五颜六色，而银幕上，只有那一抹艳丽的黄。跑的越远，见识越广出租车司机最了解城市的文化生态。国内有句行话：“想要迅速了解一个城市的夜生活，就去打一辆出租车。”虽出入声色犬马，但终究只是过客，杯水车薪加上日夜兼程，司机们工作压力可见一斑。尽管1930年，摩托罗拉公司发明了车载收音机，但比起听广播，他们最喜欢的排压方式还是和乘客互动。乘客的故事与司机的见闻，让逼仄的车内成了都市的情感驿站。2011年的电影[带我回家]里，出租车司机是工作失意被房东扫地出门的青年，乘客是刚得知丈夫出轨的女人。车上两个失落灵魂少不了碰撞，旅程结束后，所有悲伤都在车内消解。©[带我回家]还有柳飘飘，尹天仇家过完夜，出来听到那席话，不敢面前流露，只能躲在出租车里放肆地哭。©[喜剧之王]里，柳飘飘在出租车上终究没憋住情感宣泄之下生长出故事，接地气的故事多了，出租车不再只是情感驿站，也成了一幅芸芸众生浮世绘。1991年，吉姆·贾木许的[地球之夜]，五个国家，五辆出租，五个故事。同样的夜，不一样的故事，而故事讲完，乘客司机仍是寂寞，如同夜色。©[地球之夜]多年后，阿根廷人模仿贾木许的午夜出租车，拍了[出租车上的遭遇]，行驶在布宜诺斯艾利斯街头的出租车，拉了一晚上的客。每一位乘客在车上吐露衷肠，构成了城市的秘密。©[出租车上的遭遇]2015年，伊朗导演贾法·帕纳西则充当了那个出租车司机，行驶在德黑兰的街道上，乘客来者不拒。互动式的提问和粗糙的摄影，打破电影[出租车]的虚实边界，观众也如同上了车。而乘客的答案中，藏着伊朗的精神风貌。©[出租车]，该片获得了当年柏林电影节金熊奖，而贾法·帕纳西却因其被伊朗政府通缉而[方向]里，人们看到了这样的故事。六辆出租车上，有暗调计价器的司机、背叛妻子偷腥的有钱人、未成年的援交女生，腐败的律师。也有为寒风中的狗而停车的失孤老人，挽救自杀教师的司机，劝诫援交少女的中年男子，为病患祈祷的牧师。出租车载着这些好坏参半的社会群像，一如装下整个国家，徐徐往前，找寻方向。保加利亚夜色灰蒙，出租车鲜黄刺眼，街头还是很冷，车内依然炽热。-作者/夭夭酒             © 本文版权归作者           破词儿           所有，任何形式转载请联系作者。         ,40
风息神泪,9591927,128,9,39,https://www.douban.com/people/havenwind/,未知,3,巨齿鲨,https://movie.douban.com/subject/26426194/, 教科书一样标准的六十分电影了。 仿佛一个绝色美人，站在顶级舞台，无数镜头锁定，一身珠光天衣，然后开始表演眼保健操。 这就不免让观众十分纠结了：你要朝她扔烂苹果或者唾骂吧，她的确有尚可之处。你要真心实意夸吧，简直又是为难自己。 以下含剧透吐槽： 1、设定真的很不错！开场很让人眼睛一亮。……然后发现可能最好看的就这部分了。 2、这鲨太狠了，能在深海12000米处和三亚浅海里挪移自如，你这么劳模，压强单位帕斯卡他知道吗？ 3、水下特效还可以，不如考虑改放水下观光片。 4、求求所有的怪兽电影制作人了，不要谈恋爱，我们是来影院看怪兽的，不是看在地球上分布了七十亿的人类的，李冰冰在片里颜靓型正。但我宁愿看她拿鱼叉比划也不想看她给女儿找后爹。 5、跟朋友吐槽“为什么所有的这种‘出现危急情况，大家束手无策’的情节，都会从流浪汉或者赌鬼或者酒鬼里面找一个隐退多日的高手，打动他的关键基本还是前妻/前女友/前同伴……” 6、节奏推进相当有问题……形容一下，就是“哇好可……啊哈……（淡淡疑惑的气氛）………怕？” 7、本片最大的灾难是愚蠢的人类造成的。当巨齿鲨逼近三亚，牛逼哄哄的直升飞机鱼贯而出，我以为下一秒就要开始表演空海联合捕杀巨兽了。它们……相撞了……然后……把轮船炸毁了……你们……出门的时候是不是把脑子搁在早饭盘子里忘记拿了……？？？ 8、阿俊的牺牲情节还是稍微感动了一下的。 9、如果主线情节是：巨齿鲨浮上来之后，攻击基地，基地倒塌，众人一边坐船出逃一边逃避巨齿鲨的追杀……不是挺好的吗。为什么要这样拍，想不明白啊。 10、我可能更想看两个小时的巨齿鲨大战深海乌贼。              © 本文版权归作者           风息神泪           所有，任何形式转载请联系作者。         ,30
罗罔极,9590031,281,40,42,https://www.douban.com/people/163694915/,黑龙江哈尔滨,4,一出好戏,https://movie.douban.com/subject/26985127/,前阵子，我犯了个错。我在文章里说，当下的大陆喜剧，有两大派系分庭抗礼。一派是徐峥宁浩，其作品核心偏于人间悲剧；一派是开心麻花，其作品核心偏于纯粹喜剧。没想到，现在又杀出个程咬金。八年酝酿，慢工打磨。导演、编剧：黄渤。这一出手，就震惊四座——《一出好戏》进入正题前，我想先请各位听一首曲子：查拉图斯特拉如是说看这名字，听这旋律，是否感觉非常熟悉？没错，这正是由理查·施特劳斯创作，与尼采哲学书籍同名的交响诗。它首次被引用到电影中，是在库布里克的科幻神作《2001太空漫游》。多年以后，它又被大量影视作品多次引用，比如：《东成西就2011》《十万个冷笑话2》。而我们知道，上面两部作品，皆属无厘头喜剧。它们引用这首曲子，纯粹只是为了恶搞而已。同样作为喜剧，《一出好戏》也引用了这首曲子。但，与大多肤浅创作者的不同之处就在于——黄渤并非为了恶搞，而是像库布里克那样，真正理解了《查拉图斯特拉如是说》的精义。怎么讲？以下内容含剧透《一出好戏》的开头，是科幻的——地球之外，有颗巨大陨石即将来袭。科学家预测，不久后可能造成世界末日。马进（黄渤 饰）却不以为然，没有丝毫恐惧。只因他没车没房，债务缠身。作为一名底层屌丝，面对喜欢的姑娘，他甚至无力表白。他说：老子怕啥？ 等世界末日来了 损失最小的就是老子这种人坦白讲，如此病态的心理，我本人也曾经有过。十六岁时，我精神萎靡，整日沉溺于网络游戏。非但一无所有，还身患ALS病，体格开始变畸形。像马进一样，面对喜欢的姑娘，我甚至无力表白。恰逢二零一二年，我满心盼望末日能够真的到来。毕竟，世间纵有万千不公，死亡之时人人平等。十六岁时，世界末日没能到来，我心生遗憾。二十二岁时，也就是今年，我回忆往事，则深感庆幸。为何变化如此之大？很简单，现在的我，越来越有钱……有了钱，对于生命就多了份希冀，对于死亡就多了份不屈。正如灾难当头，所有人都被困在荒岛上失魂落魄，唯独马进愿意尝试扬帆前行。只因为，他的彩票，中了六千万……单从这一情节，我们就可以看出，影片的创作者深谙“个体心理学”。然而，仅仅如此还不够。《一出好戏》的故事主线是这样的——廿男十女，团建出行，巧遇海浪，身陷荒岛之中。以为现代世界已经毁灭，自己是人类最后的种子。于是，黄渤就让这三十个人，活生生复演了一出“人类简史”。荒岛，象征整个世界；三十名男女，象征全人类。人类的起源，在远古时期。远古时期，原始人尚未成为世界主宰。面对自然灾害，面对怪兽侵袭，原始人总是无能为力。“人越缺什么，就越渴望什么”这句俗话，其实从心理学角度，是被印证了的。比如，由于缺乏生命保障，原始人就开始崇拜阳具，崇拜焕发顽强生命力的男性。同样地，众人刚上岛时，由于极度缺乏生命保障，就将武艺高强的王根基（王宝强 饰）推举为首领。在现代世界，王根基是开车技术差的“小王八”（并非我暗喻什么，电影就是这么演的）；在原始森林，王根基则是指引众人活下去，却也同时暴戾成性的“王”。影片颇具心思的一幕：王根基上位后，老潘（王迅 饰）把公司最性感的姑娘，推到王根基怀里。老潘曾是公司主管，具有一定程度的权威性。为什么，老潘不自己追求美女，而跑去给别人做嫁衣？又为什么，王根基在位期间，没有任何其他男女相互取暖？因为，在猩猩群里，只有首领才具备交配的权力。正因如此，我们在《猩球崛起》中，才只能看见凯撒有儿子，却看不见科巴有儿子（知道科巴干嘛那么拼了吧）。没错，王根基领导的人类，尚处于原始阶段，与猩猩无异。这就是我说，黄渤和库布里克一样，真正理解了《查拉图斯特拉如是说》精义的原因。此刻，我们再重听一遍这首曲子：查拉图斯特拉如是说注意：如果是用手机外放打开，那么在这首曲子前二十秒，你几乎无法听见任何东西。只有戴上耳机，把声调至最大，你才能听见微弱的电波音，以及仿佛从地球之外传来的深沉轰鸣。这段静默，喻示着宇宙的某种神秘起源。《2001太空漫游》而，二十秒后的高潮音，则喻示着“宇宙大爆炸”，喻示着万物的开端……翻译成人话，就是说：《查拉图斯特拉如是说》是以抽象的音符，描绘一种波澜壮阔的诞生、进化及演变。库布里克深知这一点，所以他引用这首曲子，当作《2001太空漫游》的主要配乐，并创作出这样的情节——影片开头，宇宙之中有生命开始显现；第一阶段，原始人朝天空扔向一根骨头；第二阶段，骨头变成太空飞船，原始人进化成为文明人；第三阶段，文明人脱离了躯壳，进化成为神秘莫测的“超人”。说白了——库布里克的电影，是讲宇宙如何从无变成有，人类如何从原始人变成文明人最后再变成“超人”。单从立意角度，《一出好戏》与《2001太空漫游》其实极为相近。不信？影片开场，海浪几乎毁灭了一切，只留下一座未开垦的荒岛，这不就是“宇宙的诞生”？荒岛上，王根基拿根破棍子，为众人建立起基础秩序，这不就是“原始人迈向文明的开端”？要说王根基的形象，没借鉴《2001太空漫游》，我是不会相信的。王根基带领众人，摆脱了对饥饿的恐惧。然而，王根基却日益式微，张总（于和伟 饰）逐渐爬上高位。张总是如何做到的？“饱暖思淫欲，淫完搞文艺”这句俗话，其实从心理学角度，也是被印证了的。比如，当食物数量能满足人类需求时，人类就出现越来越多的贵族，去发展规矩、文化、道德、良知及羞耻心。同样地，当所有人采集归来，在山洞中填饱了肚子，张总便瞅准时机，高举文明的大旗，以精彩的演讲拉走了半数人群。毕竟，吃饱了饭，人就会需要文明。发现没？《一出好戏》的创作者，不仅对个体心理学有研究，更精准刻画了群体的盲从性。拉到队伍后，智商卓越的张总，很快就凭“驭人术”和“资本运作”，建立起一个国家的雏形。这时，众人终于迈向了第二阶段：文明阶段。与“王”不同的是，张总更像一名“皇帝”。（于和伟本人也曾演过秦始皇）张总能独坐上方，悠闲俯视劳苦众生，是因他懂得给人类以文明的需要。而，这却并非最高级的群体操控法。那，什么才是最高级的群体操控法？这一点，只有“超人”懂得运用。我所说的“超人”，并不是指漫画里那位，而是指尼采提出的一种哲学概念。尼采认为，既然猿人能进化成智人（现代人类），那么终有一日也会有智人进化成“超人”。在尼采心中，这个“超人”，是人类物种最优秀的部分，能够高踞于整个人类之上。战神拿破仑，被视为历史上的“超人”雏形那么，“超人”是如何诞生的？《查拉图斯特拉如是说》中，尼采指出：正如温室里长不出参天大树，超人也不可能诞生于王宫贵族 要想进化成超人，必须历经暴风雨的拍击，历经最残酷环境的锤炼 必须体验过走投无路、山穷水尽的感觉，才有希望达到超人的境界这难道……不就是马进？在现代世界，马进身份卑微。在海上，在荒岛上，马进历经暴风雨的拍击，历经最残酷环境的锤炼。王根基当政时，马进遭王根基毒打；张总当政时，马进先被张总欺骗，而后又遭张总的手下毒打。好不容易中了六千万，却身陷与世隔绝的荒岛，走投无路、山穷水尽。兑奖期的最后一天，马进仍在荒岛上，饥肠辘辘、生命垂危。忽然，天上降下无数只鱼，给了马进新的生机。下“鱼”的戏，是一出魔幻现实主义情节。这段情节的意义，并不仅仅在于救活马进的命。这段情节，更喻示着，马进已经开始进化至“超人阶段”。到底何为“超人”？尼采认为：超人最能忍受痛苦的折磨，又能从痛苦中崛起 超人具有极大的权欲，企图占有一切统治一切 超人傲视一切，是自由、自足且自私的统治者 在超人眼里，普通人就像动物一样可以被操控 超人为人类立法，超人的意志和言论就是法律历经过最痛苦的折磨，马进从痛苦中崛起。他就像“超人”那样，企图主宰岛上的一切。他终于懂得了：会造梦的人 便能控制局势 运筹帷幄此时的马进，将众人视为可以被操控的动物。他找到一种用于主宰众人的饲料，效果比“粮食”和“文明”更为强劲：信仰。正如拿破仑给部下以勋章、希特勒给人民以统治世界的向往……马进用激昂的演讲，给了众人一个叫“新大陆”的希望，即使他自己都不相信这个希望。你们想见到光明吗？ 那就让我们齐心协力 去寻找属于我们的 新大陆！一台电灯泡，一份演讲稿，一张无凭无据的口头支票。马进就用这三样东西，一跃成为新世界的主宰。先别笑。倘若熟读历史，我们会发现不少宗教的创始人，本质上与马进其实无甚区别（为了避免引战，本文不作列举）。而，即使没有熟读历史，我们其实也能找到《一出好戏》的某些原型。成为主宰后，马进被众人高举，极为享受操控一切的快乐。就在此时，马进和王根基，发现了一个惊天事实——原来，现代世界并未毁灭。只需等待每隔十二天到来一次的大船，岛上的众人就可以回去。可，好不容易逆袭的马进，如何舍得重回屌丝生活？马进决定，要让得知真相的王根基，变成一个“精神病”。于是，王根基就真的成了一个“精神病”。福柯在《疯癫与文明》一书中，认为定义精神病，属于权力范畴，而非医学范畴。事实上，这世上太多定义，都属于权力范畴。电影《隐秘而伟大》中，金秀贤演的朝鲜特工，穷尽一生为祖国卖命，最后却被“领袖”定义成叛国者……没错，在当今现实世界，就有一座比电影还更荒诞的岛屿：朝鲜。电影里，马进告诉众人，脚下小岛就是人类的最后领地。现实中，朝鲜告诉百姓，外面的世界统统都是人间炼狱。这便是《一出好戏》。看似胡编乱造，实则魔幻现实。表面上装疯卖傻，骨子里暗藏玄机。与徐峥宁浩的人间悲剧，和开心麻花的纯粹喜剧都不相同——在黄渤的电影里，充斥着心理学、人类学、哲学……以至于，这部戏的格局，已经超出一些普通观众的理解能力。不过，我依然希望每个人，都能去尝试欣赏这部作品。为什么？虽然电影里，因受姗姗（舒淇 饰）圣母魅力的影响，马进最终还是选择悬崖勒马，并与另一位黑化的“超人”小兴（张艺兴 饰）展开对抗。可在我们的现实世界中，经常没有姗姗，没有圣母。“超人”也经常不会悬崖勒马，不会放弃邪恶的权欲。这时，我们唯有保持独立思考和警惕，才能避免自己成为被“超人”操控的动物与玩具。             © 本文版权归作者           罗罔极           所有，任何形式转载请联系作者。         ,35
电影解毒,9589353,130,33,28,https://www.douban.com/people/182580804/,北京,2,巨齿鲨,https://movie.douban.com/subject/26426194/,一看到[巨齿鲨]的片名，你大概会觉得也就是部灾难商业爆米花片罢了；但冲着“巨齿鲨”这三个字，我还是默默买了电影票。说真的，大型远古海洋生物，难道不该是大家的顶级燃点吗？2015年电影[海洋深处]里的白鲸[巨齿鲨]宣传期一直被提到和比较的斯皮尔伯格1975年[大白鲨]系列当然，还有一大堆纪录片可以安利给大家。BBC纪录片[与海怪同行][国家地理：海洋巨兽史前探险][史前掠食动物之巨齿鲨]以上涉及“大型远古海洋生物”的电影和纪录片中，有不少都提到了咱们本文要讲的主角——巨齿鲨。[巨齿鲨]这个片呢，节奏上紧张惊悚和轻松幽默结合；剧情就实在是没啥好说的，人类搞勘探开发资源的时候自作死的套路，我们也见多了。而巨齿鲨本鲨也是很惨，毫无心理准备突然被放到根本不想来的陌生地带，求生本能当然让它开始狂躁，鲨鲨真倒霉。老纸呆得好好的，是你们要来烦我的好吧巨齿鲨从出场的第一秒就无比带感——不见其鲨，先见舱体塌陷。还未亮相就刷足了存在感，给瞅都没瞅见贵鲨长啥样的男主一行留下了不小的心理阴影。真正出现的瞬间，分分钟吓尿戏里的角色和厅里的观众。啧啧啧。巨齿鲨是其生存年代的海洋顶级掠食者，很多古生物学家将其誉为“地球史上最强悍的生物”。而面对这样的生物……即使是强悍如“郭达大哥”杰森·斯坦森，也会颤抖吧？没事，我们就是来看鲨鱼的；科研小队，退下吧。① 大白鲨都是晚辈硬伤再多，片子的刺激程度不减。女主角救援时被巨大的乌贼缠住结果巨齿鲨突然玩了个黄雀在后，乌贼立刻变成食物。(想吃大鱿鱼……)可以想象鲨鲨有多大了吧。围笑。我们在预告中也能看到，巨齿鲨咬向玻璃，吓坏了小姑娘的一幕。瞅瞅这牙印，了解一下人类在死亡边缘没完没了地扑腾着，鲨鲨可是只顾着暴虐了。鲨口脱险的一幕也是极为惊悚看着男女主拼命往上游，后面就是啃啊啃的鲨鲨，我在座位上几乎想捂住自己的脚——本能啊本能。好不容易把这只鲨鲨灭了——巨大的腌鲨鱼干，被挂在船头。自然，影片才进行了一半。第二只毫不意外地出现，把第一只给啃了之后顺便又吞了几个人。投资项目的大佬，蠢到炸死鲸鱼反而引来鲨鲨，几乎以为自己得救之时突然背后一口吞，坐在我前排的娃们此时已经嗞哇乱叫了——巨齿鲨闯入浅滩游客区这第二只鲨鲨，真的是很有想法，一路从公海游到了三亚湾。看来我国的旅游胜地在深海鱼朋友圈也比较出名。游泳的、开艇的、办婚礼的，全都四下逃窜，这段从巨齿鲨的视角掠过无数游客的脚底时，我再次产生了捂住脚的冲动。全片来得最突然的3D大法，就是鲨鲨咬爆一枚水上步行球时弹向屏幕，一瞬间我和周围所有的观众都无比一致地往后猛地一躲……不得不提一下这只怎么看都有些沙雕的神犬，鬼知道它是怎么幸存鲨口的……科研小队再次硬着头皮上，最后终于由男主角乔纳斯用无比old-fashioned的方法杀死了巨齿鲨：戳眼睛。不得不说，男主最后这招有些酷炫狂霸拽的一记假动作后随着鲨鱼高高跃出水面，此刻的杰森·斯坦森有如持剑的骑士般送出致命一击。那么巨齿鲨到底什么来头呢？巨齿鲨(Megalodon)的意思是“大牙齿”，是一种灭绝的鲨鱼物种，生活在大约2300万至260万年前，时间从中新世早期到上新世末期。它以前被认为属于鼠鲨科，因此与大白鲨关系密切；然而目前几乎一致的共识是，它属于已灭绝的耳齿鲨科，在白垩纪早期与大白鲨的祖先分道扬镳。这一点到现在仍然存在大量争论。纽约，美国自然历史博物馆里的巨齿鲨下颌模巨齿鲨被认为是有史以来最大、最强的食肉动物之一，它的化石遗迹表明，这种巨型鲨鱼的体长可达18米。它们的大下巴可以产生11万到18万牛顿的咬合力。它们的牙齿又厚又结实，是用来抓取猎物和折断骨头的。巨齿鲨可能对海洋群落结构有重大影响，化石记录表明它具有世界性分布。它的目标可能是如鲸鱼、海豹和巨型海龟之类的大型猎物——不像大白鲨会从柔软的腹部攻击猎物，巨齿鲨可能用它强壮的下颚突破胸腔，刺穿猎物的心脏和肺部。巨齿鲨的牙齿和两颗大白鲨牙齿、再与尺子对比这种动物面临着来自鲸类的竞争(如利维坦鲸和古老的虎鲸)，这可能导致了它的灭绝。由于它更喜欢较温暖的水域，人们认为与冰河时代开始有关的海洋冷却，加上海平面的下降和苗圃面积的丧失，也可能是其数量下降的原因之一。长须鲸多样性的减少、以及它们向极地地区分布的变化，同样也可能减少了巨齿鲨的主要食物来源。巨齿鲨的灭绝似乎影响了其他动物——例如，长须鲸的体型在这种鲨鱼消失后显著增加。苦了鲨鲨了。② 戏里戏外都玩惊吓[巨齿鲨]的中国首映礼在“水立方”游泳馆举行，达到浸入式体验，应景度可算是max了。“让鲨鱼活起来”特地运用CG做出的鲨鱼结合AR虚拟成像技术，游过观众，真实感爆棚，引得大家的阵阵惊呼尖叫，人气倒攒足了。1500人的观众席脚底下就是游泳池，就像主持人说的“说不定鲨鱼就在悄悄接近咧”。水立方外侧的气枕墙上，一条更为庞大的“巨齿鲨”也忽然出现，与场内巨鲨配合，简直奇景。“如果说[侏罗纪公园]重现了史前陆地生物，那[巨齿鲨]就是海洋世界啦。”鲨鲨潜入浅海，和下图[侏罗纪世界2：失落王国]中沧龙的惊悚现身，是不是挺像？作为动作冒险电影，[巨齿鲨]是经典鲨鱼电影和怪兽电影传统的延续和结合。在这个高科技打造的世界里，观众们会见识到前所未见的事物。制片人们说为呈现巨齿鲨的世界，剧组搜集了大量的科学资料目前世界上唯一证实巨齿鲨存在过的证据，就是那些巨大的牙齿。包括关于巨齿鲨的大小，也是推测的结果。而一般的大白鲨是20英尺(约6米)长，所以——片中小演员蔡书雅：从没见过这么大的鲨鱼，简直是巨型！没有别的物种是他的对手——这是不争的事实，也是剧组要呈现给观众的实感，是身临其境的刺激体验。毕竟，我们可有好一段时间没在银幕上看到大制作杀人鲨鱼电影了……在我们的认知和对鲨鱼的了解中，巨齿鲨就是水下的霸王龙。显然，剧组致力于惊人的视觉效果这部电影中的巨齿鲨，当然也是由绿幕和CGI技术赋予生命的。在[巨齿鲨]的片场，有至少一平方公里的绿幕，还有一个巨大的水箱。而演员们在工作中也充满了乐趣：和大多数科幻电影差不多，导演拿着扩音器喊，“巨齿鲨冲你过来了！”他们顶多大概知道鲨鱼的鼻子和尾巴在哪儿，接下来全靠想象。不仅有绿幕，海洋背景意味拍摄中接触大量开阔水域，良好游泳状态很重要大型远古海洋生物的战斗力，一流的观影效果和几乎B级片的老式幽默；故事有硬伤？诶，可是有好大的鲨鱼哎。看看大鲨鱼吧各位。-文：YorkshireViking文章源自微信公众号：电影解毒转载需授权             © 本文版权归作者           电影解毒           所有，任何形式转载请联系作者。         ,30
黑色星期五,9582297,35,8,6,https://www.douban.com/people/178739892/,未知,3,巨齿鲨,https://movie.douban.com/subject/26426194/,        之前看过《狂暴巨兽》和《摩天营救》给出的评语总是“中规中矩的爆米花大片”，昨天看完这部《巨齿鲨》，我发现我错了。《巨齿鲨》这样的存在不知道如何挤进了暑期档，总之，用一个词来形容这部影片那就是“尴尬”。       尴尬的故事铺垫，影片前30分钟除了开场的探险船在海底遭遇巨齿鲨有一点惊险外，都是片中主演在絮絮叨叨，观众是来看一个史前怪兽的，不是看你们在这里话唠的。       不合时宜场景的尴尬，父女告别那段是想展现演员的表演功力吗，足足告别了3分钟，打断了巨齿鲨袭击船只的连贯性，这是拍动作惊悚片，不是拍家庭剧。       特效的尴尬，作为海底实验基地，主控制室空间有点狭窄，设施只有几块显示屏，确实是简陋了点。探险队潜入海底的镜头里除了岩石就是冒着热气的海烟囱，影片的镜头基本上是从高处俯瞰探险船的，从船内看向海底世界的镜头几乎没有，没有利用好3D技术，这里观众没有体验的身临其境的感觉，没有展现出世界最深处的奇异景象。       片中小女孩的人物设定也是尴尬的，片中故事前半部分是在进行科学探险，后半部分是在猎杀史前怪兽，为什么如此危险的事情都会带上一个没有自我保护能力的孩子，只因为她要负责一些插科打诨的笑料？到影片解决才发现，小女孩的作用是为男女主谈朋友牵红线的。       在游艇上举行婚礼的新娘，为什么从头到尾担心自己的狗狗掉进海里被巨齿鲨吃掉，那些请来参加婚礼的朋友也掉进了海里，难道他们不值得担心一下，灾难片最基本的不就是展现人性的可贵吗？这里让人看到的只是狗比人金贵。       影片中斯坦森下海救人、为巨齿鲨安装探测器、与巨齿鲨近身搏斗的场景还是很吸引人的，这些才有了动作片的样子。       近2个小时的影片，只有30分钟的干货，另外1个半都在浪费时间，说好的惊悚呢？说好的巨齿鲨咬断大船呢？明明是史前灭绝的怪兽，活生生被拍成了海里的大鱼。看在斯坦森的表现很稳定，为了他给这片子打3星。               © 本文版权归作者           黑色星期五           所有，任何形式转载请联系作者。         ,30
逆袭的泥巴,9581655,30,1,6,https://www.douban.com/people/182719256/,未知,4,纵横四海,https://movie.douban.com/subject/1295409/,其实我相信亚Joe一直都爱着红豆的，红豆最后是否还喜欢亚占我不确定，但是我觉得电影的结局是最好的结局。亚占和亚Joe对爱的表达方式不同，亚占给人的感觉是体贴的，对红豆的照顾是全身心全方位的。亚Joe的对爱意的表达则是，我喜欢你我就捉弄你，搞个恶作剧什么的，没有亚占那么细腻，或者说，他不想把情感全部都细腻的表达出来。就像亚Joe剧里所说:爱一朵花，不一定要把它摘下来；爱风，不能叫风停下来闻一闻；爱海，不能去跳海。在以为亚Joe死后，红豆伤心难过，是亚占治愈了她。后来亚Joe回归，他们都很开心，也知道彼此不会再有可能。所以最后亚Joe不想和他们一起生活的，但是还是生活在一起，实际上他成为了一个守护者。他们从小相依为命，是一家人，永远在一起，即使不能成为恋人，但是也是守护人。             © 本文版权归作者           逆袭的泥巴           所有，任何形式转载请联系作者。         ,45
泡椒凤爪,9582995,27,4,3,https://www.douban.com/people/138464613/,未知,5,釜山行,https://movie.douban.com/subject/25986180/,其实人们往往都是这样:越倡导什么，证明越缺少什么。比如我们倡导做人要无私一些，要顾全大局，而现实则是人在面临很多需要抉择的时候，人性的贪婪、自私会尽数显现。这本是一个通往让人幸福方向的列车:回家探亲，出去游玩，但是突如其来的意外，把他们卷入到人性抉择的难题中。最考验人性的，就是在这种危急关头看一个人所做出的反应与选择。很多人看完影片谴责那个官员，为什么不把门打开让未被感染的人进来，但是这个质问我说不出口，因为我自己设身处地的想了一下，我发现我自己也无法断定在那种情况下我会做出什么样的选择。因为当时的情况很紧急，站在上帝视角看，打开门的确能救更多的人，但是危险系数太高，当时的情况下，不开门的确是能保证一节车厢的人是安全的。不过，第二种自私的想法也是不正确的，不安全的，因为有更多的丧尸，有更大的危险，所以有后面的惨剧。列车里的那对上了年纪的姐妹，隔着一到玻璃门，一个变成了丧尸，没有了牙齿却还要一口一口的想要撕咬，另一个那么看着，她感到了为人的悲凉，所以她打开了门。好在这个看着让人感到恐慌的电影，在指出人性之恶的同时，也让我们看到了温暖的地方，比如那个胖子跟怀孕的老婆说女儿的名字，比如那个忙于事业的父亲用生命保护了年少的女儿。所以，这部电影是人性的放大镜。             © 本文版权归作者           泡椒凤爪           所有，任何形式转载请联系作者。         ,40
Veto,9576885,3701,307,471,https://www.douban.com/people/68210064/,浙江杭州,1,爱情公寓,https://movie.douban.com/subject/24852545/,补充：现在是4:36购票平台还没有出评分 危机公关看来全用在推迟评分上面了 目前所有反应都与下文所述不谋而合 作为新中国第一部猛艹粉丝的电影 祝愿你们以后拿好这次被你们骗了的粉丝的钱 然后从此滚出影视圈。让我们记住他们的名字：汪远！！！！韦正、陈宏伟、连瑞影业！！高格再补充：听说这片成本线在7亿，豆友们，报复的机会来了最后补充：评论区不再回复任何人，还有ncncncncnc粉来洗地的话，请跟那些进了电影院自认nc的粉丝去怼，大水冲了龙王庙自家人打自家人。正文这种公司“创作”人历来不要脸皮侵权行为无论在哪里除了大陆都是会被行业内部抵制，也只有在天朝甚至可以拿下影史第四的预售👇直接上图 奉劝一句 买了票的想办法退了 没买票的别去看了左一小丑女 左三劳拉 左四船长还有一张赤果果的抄袭图，版权买了吗？迪士尼华纳知道吗？还有脸出来维权？看看你们的水军吧 自己都说了 彩蛋就是爱5is coming 那那些情怀粉去看电影还干什么？彩蛋是爱5要来盗墓笔记同人文？？男人A片？？水军恶心不要脸真的看着不少创作人用心打造的原创作品，却在票房上举步维艰很不想承认的就是在大陆原创已死🕯️彩蛋1：某粉丝观后感“我的青春大概进了坟墓吧”彩蛋2:迫于片方淫威我删了屏摄内容片方疯狂转赞屏摄内容             © 本文版权归作者           Veto           所有，任何形式转载请联系作者。         ,15
江户川的哀,9579553,4693,2225,1752,https://www.douban.com/people/hulin921/,北京,2,一出好戏,https://movie.douban.com/subject/26985127/,几点想说的，不吐不快1、黑色幽默，荒诞片。要么就荒诞到底，如《蛮荒故事》，而不要是喜剧片、灾难片、爱情片、科幻片、伦理片等的结合体2、我就是想看个喜剧，有这么难吗？尬的笑点，尬的套路。第一次在电影院想快点结束的电影，还不如西虹市首富让你笑的痛快3、讲道理可以，但不要这么生硬和直接，道理和哲学是润物细无声的从影片表现出来，而不是扯着大旗来说教。国内电影要么就没内涵纯扯淡、要么就内涵过猛，用力过大。4、电影讲好一个故事就行，多了反而啥也记不住，感觉硬要给观众演一出现代社会进化史，然而这并不是我要进电影院想看的东西。想看进化史我去看科教片会更舒服和理解这个社会最后5、黄渤演技绝对没问题，我也喜欢6、黄渤导演也用心了，并不是敷衍观众7、但我觉得这真不是一部好片8、我不会推荐进电影院看9、2.5星吧-----------------分割线--------2018年8月12日更新：10、经过周六周日两天，观影的人越来越多，我这篇吐槽得到了很多人附和，我很欣慰，原来我的感受没有错，大家都是一样的感受11、我是首映那天就看了，写这篇影（吐）评（槽）的原因是，看完电影来豆瓣想看看评论，发现全是称赞的，什么渤导、乌托邦、进化史，想找个同道中人都找不到，故留下此地，让大家知道，觉得不好的童鞋很多，你的评判标准并不是特立独行的12、有趣的现象是，点赞认为有用的、无用的人一直都在交替上升，不过点赞认为有用的人数一直稍微多于无用的13、评论里就不一一回复了，每个人都有自己的观点，其实我就单纯认为这不是一部好的电影而已，和黄渤、新人导演、爱情坟墓、西红柿、电影内涵这些都没关系～～～～～～分割线～～～～～～2018年8月14日更新：感觉评论区快要沦陷了，我针对几种评论统一回复下吧： 14、说这本来就不是喜剧，我硬要以喜剧眼光来看？ 大哥大姐，麻烦看下标签，喜剧确实是标签之一，也是诱导我去看的第一印象。那我去看那至少要让我笑中有泪、或者笑后引人深思才好。问题是都是尬笑，我笑不出来啊，那我还会去思考你的立意有多高深吗？先讲好故事再说。 15、说我是没读懂导演的意图和深意，不配看此剧的。 我就是普通的观影人群之一，我没看懂立意，至少代表我这一类人看不懂，难道不是电影的表达方式有问题吗？其实电影要表达的道理大家或多或少还是明白的，问题是，电影没有很好的表现出来，没有让观众感受到，还要我自己去YY去脑补吗？ 16、吐槽我第2点的人最多，说我说西红柿好看，就认定我的欣赏水平的。  我说的还不如西红柿让我笑，我表达的是，就算西红柿纯粹让我笑下我都可以接受，我的要求放这么低了，可是这个电影都做不到。舒淇的深情表白，我内心没点波动；马进掉入悬崖，一群人一个一个镜头的笑，我真的觉得尬。17、最近出来一种解读方式说，说其实这一切都是黄渤自己的臆想。 说实话，这样的脑洞比较大，解读起来比较新颖，而且可以给剧中的所有不合逻辑找到解释。即便是这样，我也觉得导演玩砸了，观众看了130分钟，最后放几个小线索告诉你说哈哈这些都假象，一群人在岛上的所作所为都是脑中臆想出来的，我有点无法理解这样图个啥。18、或许黄渤导演是想表达很深层次的意境，我们观影人确实没有体会到他的想法。又或许黄渤根本也不在乎我们是否看懂了电影，他只要表达出他想表达的就好，也算对自己的一个交待，毕竟他不差这票房钱。黄渤自己开心就好、你们开心就好、我开心就好。19、补充一句，对于剧中的硬广加剧了我的不适。——————我是最后的分割线———————2018年8月15日更新20、最后再更新补充一下，看了很多讨论和解读，感觉都跑偏了。我们讨论的电影好与坏，首先应该讨论的是第一层观影感受，观影感受指的是这个电影是不是让观众觉得好看，是不是剧情紧凑、冲突明显、有代入感、或跟着电影人物一样紧张、感动、开怀大笑，最开始关心的应该是这个电影的故事是不是讲好了，有没有吊足你的胃口。第二层才应该想是不是笑过之后、感动之后、紧张之后会让观众去思考一些问题，或者文化或者宗教等，去理解片子的主题和宣扬的精神。满足前面两点，可能才去想第三层这部电影是不是开创了什么拍摄先河、运用了什么蒙太奇手法、或者开创了一种电影类型，这一层更多是电影从业者需要考虑的问题了，普通观众一般不关心这一层了。 举个例子，三傻大闹宝莱坞，为什么牛逼，就是观影过程中很好笑，满足观众第一层需求，笑过之后还能让你去思考教育的意义，这就牛逼了，第二层意义也有了，就拔高了这部电影的水平。比如西红柿首富，同样也好笑，为啥就显得没逼格，就是他只是很俗的让你笑，没有留存什么意义，那他就是爆米花电影，注定就是赚点票房流水。再比如战狼2，为啥票房高，就是他激发我们了爱国热情，你有代入感，愿意为这份情怀买单，至于说第二层意义就比较缺乏了，所以也不能算特别伟大的电影。 其实就像马斯洛需求层次理论一样，一级一级满足，电影故事都没讲好，你告诉我说这个电影有很多寓意、有很多道理、表现了人类发展史、魔幻现实、货币金融等等。是你没文化看不懂，就好比，你天天挨饿，都吃不饱了，你还会在意你人生价值的实现吗？ 最后我只想说，别跟我扯这些没有用的，就问下能退我票钱吗，我好去找高中社会学老师给我补下人类发展史的课。~~~~~~~~~正式分析分割线～～～～～～前面其实都是吐槽，算不上分析。没办法网上找资源又重新看了一遍，发现哪有那么多细思极恐。 首先这部片及岛上的事情绝不是马进臆想的。 背景用的一个天文事件，来导出世界末日这个假设，他们确实是去团建，确实是又全部回去了，在出发前和离岛后都是写实发生的。唯独在岛上所发生的一切是采用的荒诞喜剧的手法，荒诞喜剧才可以不死人，又能刻意的表现导演想表达的东西。其实这就是一部写实加荒诞喜剧的组合，用荒诞手法也更能刻画在岛上大家的人性真实反应。反驳几点为什么不是什么微博所说的细思极恐。 1、在上岛前与解救离岛后，画面风格都是很真实的，而且不止是有马进的语言和心理活动，还有姗姗、张总、小兴的。比如小兴说他想要6，姗姗说她在乎真的。这些采用多主体的角色刻画，基本不可能是一个人的臆想，臆想一般是以臆想的那个人来开展的，其他人没有什么特征和心理活动，比如禁闭岛基本都是围绕小李子的来刻画的。 2、结束后，他们都成了新闻人物，新闻标题为“陨石海啸”中失踪30人，流落荒岛 奇迹生还。这么写实的描述和画面，说明是有这件事，不是马进的臆想。还要接受采访呢，他们确实成新闻了 3、说他们明明是乘坐小黄鸭，为什么导游说是大船。我仔细看了回放，大妈对小兴说的是，他们一起住过的大船，不是乘坐的。可以看截图。而且小王带游客上岛，小黄鸭还是存在岛上的。至于为什么选择小黄鸭出海，应该是体现喜剧效果，而且小黄鸭沉入海底开始，就采用荒诞手法了。看仔细点，是我们一起住的大船 4、本剧其实就是一出采用荒诞喜剧的方式来进行讽刺人性和黑白颠倒的。所以岛上才有那么多反着的事物，指鹿为马颠倒黑白。最后游客问王迅他们是怎么在岛上存活下来的，他说是同舟共济、齐心协力。其实我们都知道，他们在岛上根本不团结，就是反讽人性。这时出来了个绿蜥蜴，就是表达，王迅说了假话，蜥蜴（观众）都看在眼里，蜥蜴全程观看了这岛上一出好戏。根本不是团结，蜥蜴看完一出好戏 5、其实电影最后也没交代和展示姗姗是否和马进在一起了，至少对马进不反感了，以前是看不起他。马进也释然了，他没有违背自己的良心停留在假象里，勇敢的撕破了假象。马进其实还是继续买着他的彩票，生活依旧，但是心境不同。第6条的图 6、最后彩蛋是小兴和马进在地铁里的对话，其实这就是单纯的彩蛋而已，小兴还在医院呢。 ##################################################################  @@@@还有人好心给我粘了微博的解读。本回答来自微博博主：黄石PK。我一一说下我的想法：  这部电影就是一部劫后余生的精神病人分裂出来的“一出好戏”，我把它归类：恐怖片。黄渤处女作不会就只想拍荒岛求生人类简史人性探索这么简单是吧，不然为什么要放个这么诡异的彩蛋，且还有那么多荒诞恐怖的细节[跪了]我看完半夜把一些不完全的细节总结下：  1、彩蛋最后荒岛成了旅游景点，导游说这是张总当时包的大船。但是片中他们出游的船是小黄车，一辆小黄车就能出海？走那么远？是不是海难之后疯了的黄渤这个精神病想出来的？ 答：是大妈对小兴说的吧，说的是在岛上住的大船。小王带游客上岛时，岛上还是摆着那辆小黄鸭呢。（见文末图）  2、彩蛋里最后那个精神病院，那些病人穿的衣服，和岛上时的人们穿的条纹衣服一模一样，精神病人转圈跳舞，岛上的人也爱转圈跳舞。 答：这就是荒诞与现实的结合，隐喻在岛上大家都是有病的，得了自私自利，颠倒黑白的病，场景的呼应而已。主要是给观众看得，告诉观众岛上的人就和现实中的精神病人一样。  3、因此岛上所有穿着条纹衣服的人，都是黄渤一个人分裂出来的，而那些人早就死了。所以黄渤吃方便面，所有人都在吃，黄渤跳舞，所有人跳，黄渤和张艺兴两个人即兴表演双簧，但是张艺兴的口型全部能对上，因为张艺兴就是黄渤自己分裂出来的，张艺兴就是黄渤。而且那段双簧，黄渤一直在说一切都是假的。 答：这个纯属过度解读，岛上用的荒诞手法，表现就是一种很嗨、歌舞升平、大家都接受了世界毁灭的心理状态。反正用的荒诞手法，你说小兴是马进的心魔也可以解读。  4、为什么人都死了？一个惊天巨浪打过来，连几顿重的大船都劈成2半，为什么小黄车丝毫没什么受损？因为这是精神病黄渤幻想的，所以大家都可以不用死了，他的女神姗姗也不用死了。 答：小黄鸭出海就是荒诞手法的开始，带有喜剧色彩，这里开始就已经进入荒诞模式了，所以可以不受损。或者这就是一个BUG，为了剧情需要，它就不能断成两截，还能正好冲上岛。  5、彩票也许是真的，荒岛也是真的，但只有黄渤一个人留下来了，在彩票过期的90天后，他疯了，于是天上开始下鱼。 答：荒诞手法，下鱼、船里有红酒都能理解，不用在意细节。但是肯定不是只有黄渤一个人留下来，说了他们确实出去了，新闻媒体就报道了，大妈说她下午还有两个采访呢。  6、小黄车被打到荒岛后的第二天，黄渤和其他人出来，掀开一个盖了白布的死人，那个人又活了过来，说自己只是脚受伤了为啥给他盖白布。暗示死人在黄渤构建的精神世界“复活”了。 答：小王说的是，这还活着呢，怎么给盖上了，并不是死了。可能是个搞笑的点，或者表达大家在这种情况下，都是自顾自个，不会协助了。（见文末的图） 7、黄渤和张艺兴皮筏艇出海求救，遇见了死去的北极熊。他彩票中奖9月，12月过期，应该是冬天，但是岛上一直四季如春一直都鱼吃。如果他是在一个热带岛上为什么会遇见北极熊？如果不是热带岛？为什么没有冬天？一切不符合逻辑，只能说明这都是精神病黄渤自己想的。 答：没太明白，可能是剧情需要，可能是荒诞手法，可能是用来反讽。  8、最后他带领大家去山那边看大船，结果刹不住车跳崖了，为什么后面没有人跟来？为什么会在跳崖的时候做高难度的跳水运动员动作，他倒着看世界才出现了大船。是不是所有人都死了，他疯了自杀的时候才看到这些幻想？船也许真的来了，船也许永远都不会来了。 答：这个时候导演要表达的重点是马进的心理活动，并不是要表达大船是怎么营救众人的。他跳下去时，很开心。是个矛盾心理，又想冰淇淋不化，又不想姗姗的爱是假的。这是对矛盾，需要取舍，最终他义无反顾选择化掉冰淇淋，所以他很开心，释然了。  9、所以舒淇最后说：船，等不了。人，都走了。 答：表达的是姗姗原谅了马进的欺骗，或者表明在真实世界，姗姗也愿意等马进。唯独她留了下来，是爱情支线。  10、那艘岛上发现的大船，是翻过来的，船里的世界都是颠倒的，只有什么样的世界才是颠倒的？精神病人的世界。 答：就是体现这个世界太多的黑白颠倒、指鹿为马，大家在两种环境下，会表现出不同的人性，是来嘲讽这个世界的。大家都是有病的，是个病态的社会。  11、黄渤没了6000万，所以分裂出张艺兴去抢6个亿，因为他本格是不愿意酱做的，但是他又想要钱，所以才有张艺兴说：我来帮你过这个坎。（黄渤在采访中，说张艺兴是自己心中的魔鬼，印证了这点。） 答：说帮他过这个坎，是指小兴这个时候不想做小绵羊，不想做老好人了，也要做一个利欲熏心，不择手段的人。  12、黄渤每天都在岛上找出路，什么也找不到，他分裂出张总给他找到了半截颠倒的大船，因为他本格是自卑的，觉得自己是一坨屎没有能力，所以他让有能力的张总来找到这个船。 答：无稽之谈。  13、最后他跳崖了，船来了，突然影片中插入所有人大笑回闪的脸，好像回忆的片段，黄渤为什么要插这么一段诡异画面，像不像所有人生前的影像告别？典型的死亡暗示画面 答：应该表达的是心理状态，反正不是什么死亡暗示画面。  14、大船发烟花是求救信号（泰坦尼克号之后规定）黄渤最后看到的“大船”，是不是就是他们出来旅游坐的，最后彩蛋中说的张总包的大船。（@你甜你甜你最甜X 评论 ） 答：过度解读。就是一种真实世界还存在的象征而已，烟花代表美好，也代表是虚无的，转瞬即逝。  15、为什么黄渤幻想中的大船是12天来一次？可以参考下精神病院12天[思考]在法国，2013年9月新精神治疗法桉通过，规定所有非自愿入院的病患，将在十二天后出席听证会自诉，由法官判定是否需要继续住院。黄渤每隔12天一次的“大船”，是他的救赎，如果真的有，大家都可以不用死然后他也不会疯。 答：过度解读，可能12有寓意  16、他也有可能是中奖后，突然就疯了。为啥子他们坐这么小一个船出海。如果是近海岸线有这么大的浪，把游轮都掀翻了，那绝对是特大海啸。我猜测，其实他们只是坐船在近海想转一转，所以没选择游轮，但是中途黄渤发现中奖了，从那一瞬间黄渤就疯了。然后紧接着就幻想出海啸被冲上了岛屿。现实中是被送进精神病院，呼应彩蛋一群人围着跳舞。 答：剧情需要  17、舒淇在和黄渤暧昧，又是水帘洞又是小天使，都是幻想。“舒淇”给他求婚，他一下接受不了无法再自欺欺人，所以才会癫狂哭喊假的。 答：就是要用岛上美人的美，来衬托马进的心理挣扎状态啊，岛上姗姗太美了，还对他刮目相看，所以他才不愿意让冰淇淋化掉。6000万和珊珊，马进会选择珊珊。  18、@你甜你甜你最甜X 补充：黄渤和舒淇很梦幻的那一段bgm居然是诡异的找朋友，唱法还很奇怪，找朋友找朋友，因为朋友都不见了所以才要找啊。 答：过度解读，可能有寓意。  19、片中曲《当每颗星星》写的每一个星星，都在落泪，（人已逝）每一个幻想，都已破灭（黄渤的幻想）片尾曲《island love》平行海面（暗示是平行世界，虚构的）睡梦、虚幻、站在深海里看你、泡沫、无情中有情（都是黄渤幻想出的有情虚幻来抵抗无情全死的现实）BTW窦靖童唱得很空灵，很像安魂曲。 答：渲染主题。  20、为什么一直会有蜥蜴？蜥蜴是食腐动物，因为有很多尸体，所以片头一开始海难以后就出现，打群架的时候出现，跳舞转圈，都是人死了的意思，有尸体，它才会来。 答：这个黄渤自己答了。蜥蜴代表的我们围观的群众，从头到尾观看了岛上这一次人性的好戏。不是什么变色龙，吃腐尸说的是这还活着呢，怎么盖上了岛上摆着小黄鸭以上均为我个人解读和理解，脑子是个好东西，希望大家都有。里面可能还有很多细节和隐喻，发现了是惊喜，没发现也无伤大雅。以上。（完）             © 本文版权归作者           江户川的哀           所有，任何形式转载请联系作者。         ,35
有趣,9576584,1278,227,547,https://www.douban.com/people/167392628/,未知,4,巨齿鲨,https://movie.douban.com/subject/26426194/,首先，我能告诉大家，《巨齿鲨》是一部6.5到7分，对比强森的《狂暴巨兽》的合格爆米花电影。拍鲨鱼的电影是多，但之前的《鲨滩》和《鲨海》都是主讲美女对抗鲨鱼，主打小格局下的幽暗惊悚，但这是一部妥妥的怪兽片！这部电影不是一部中国特供片，全球只有一种版本播放，是实打实的合拍片。投资一点五亿美元，导演乔·德特杜巴曾拍过凯奇大叔的《国家宝藏》1.2，所以这部电影在质量上还是有所保证的。  但看到很多人直接给一星二星，可能是有些人是挑剔，但更多人的就因为李冰冰所以给低分。我在想你身为中国人，却这么打击中国人，难道有中国元素不应该自豪吗。在三亚取景有什么不好，可以推广中国的景点。我估计很多人把李冰冰换成斯嘉丽约翰逊会给四星甚至五星，固然斯嘉丽的演技是好，但这部电影的主角是鲨鱼，没有戏份也不需要李冰冰展示高超的演技，合格就可以了。而且你敢说谁没演过烂片，郭达的烂片还少吗？结果下面一群人杰森斯坦森五星，李冰冰一星，你可真他喵的恶心，你们算哪门子中国人？  还有很多人低分就因为他把这部电影和斯皮尔伯格的《大白鲨》比，我的天老爷，人家那是开创了暑期档的开山之作，也是一部当时的神作是。这《巨齿鲨》只是最多算致敬《大白鲨》的怪兽片，是根本无法去比较的。如果真要比，那我能说你连当年考三本的马云都不如，你是垃圾吗？扪心自问。 Ps：我并没有因为打一星而侮辱其不是中国人，更何况1000个哈姆雷特，我只是想说如果一个人因为纯粹黑合拍片，纯粹地瞧不起中国元素而无视电影本事品质特意的打低分，我是非常鄙视这些人的。更何况《鲨海》评分5.8，这部电影目前只有6.2，而两部的差距显而易见。我相信李冰冰再不如您的法眼也不至于给电影一星吧？我也更不是李冰冰的脑残粉（详见《谜巢》短评第一），我只是单纯的就事论事。 全篇均为手机打的，也是第一次写长评，非专业人士，就一爱电影之人，如有专业性错误还请指出并谅解，谢谢。             © 本文版权归作者           有趣           所有，任何形式转载请联系作者。         ,30
无忌,9575067,581,47,86,https://www.douban.com/people/149411280/,陕西西安,1,爱情公寓,https://movie.douban.com/subject/24852545/,电影原名新次元冒险家，只不过是找了爱情公寓的演员，故事本身和爱情公寓无关，制片方为了打情怀牌圈钱改名爱情公寓其实稍微查一下新次元冒险家的资料就会发现，电影立案是在去年，片方前前后后的筹划肯定要打个提前量，时间一下子就退到了2016年，正是盗墓笔记电影大火的时候，各种盗墓题材影视层出不穷，这个时候，片方就开始想跟风拍一部了，导演是韦正，自然而然就请爱情公寓的演员来客串。可是到了2018年，盗墓题材的影视市场已经饱和，大家都看腻了，片方觉得票房可能不高，就想出了这么一招瞒天过海，直接改名爱情公寓，宣传除了一个30秒的预告片，剩下的都是电视剧的剪辑和鸡汤。还有那句已经用烂了的，最好的朋友在身边，最爱的人就在对面。这也就解释了为什么电影的主角袁弘，居然都没有出现在电影的海报上。这种干一票就跑的做法，恐怕没有几个人干得出来。之前每次说起这部电影，我说这估计是部烂片，键盘侠，杠精，水军，美剧优越狗的标签全都来了，一群人问候父母，然而真相永远是真相，抱歉我学不会逢场作戏。如果骂这部烂片就是别人口中的黑子，那么，今夜我们都是键盘侠。接下来，我想分析一下这为什么会是一部烂片，爱情公寓的大电影又为什么会是一部科幻片。俗话说的好，菩萨畏因，俗人畏果。记得知乎上有一个问题，是关于年轻人千万不要碰什么，最高赞给了两个字，快钱。快钱，就是超出自己劳动价值，轻而易举得来的钱，贩毒，抢劫，找干爹，傍富婆，高利贷，这些轻轻松松挣到的都叫快钱。因为很早就接触过过高的回报，无法安心自己的事业，享受的眼光又很高，会彻底毁掉一个人。人生的奋斗和享受有自己的阶段，谁也不是富二代就必须老老实实靠自己打拼，开了挂的游戏再玩下去就没什么意思了。爱情公寓就是典型的快钱。编剧汪远以一人之力轻轻松松地抄袭了美剧几十个编剧团队日思夜想的剧情，加上一些网上很火的段子，导演再让演员模仿一下原剧加一些夸张手法，就成了一部热播大剧，这种生意，是个人就能干，来钱快还不犯法。抄袭的证据不用我多列举，爱情公寓抄袭史。这就是“因”，爱情公寓的成功让汪远仅有的那一点点才华都荡然无存，自己苦心创作的段子不如随便一抄，照样有人看，如果说还有专业的编剧可以独善其身的话，那始作俑者，汪远，就完全说服不了自己专心从事创作。所以，现在的大电影就是“果”，早在爱情公寓开拍的那一刻就注定了，因为臭名昭著，不敢大张旗鼓地抄袭，自己又懒得写或者写不出来，所以就动用大场面大动作大腕演员，同样的圈钱套路在电影行业屡见不鲜，封神传奇，天机富春山居图，还有最近撤档的阿修罗。所以，当我们看到爱情公寓的大电影是部科幻片，也就不用奇怪了。挣快钱的抄袭者终将毁灭在自己欲望的沟壑中。向屏幕前所有脚踏实地，努力奋斗的你们致以最高的敬意，你们的人生才值得精彩。             © 本文版权归作者           无忌           所有，任何形式转载请联系作者。         ,15
猴头虫,9576018,150,18,14,https://www.douban.com/people/houtouchong/,上海,5,一出好戏,https://movie.douban.com/subject/26985127/,上海影城《一出好戏》的首映礼看完的整体感觉四个字：真 的 好 看！再四个字：值 得 二 刷！很多从演员蜕变成导演的多重身份艺人对电影的理解和传统的导演是不一样的，所以这些人的片子特别是处女座都有着极强的个人性格。黄渤更是个典型。一部《一出好戏》看完，第一感觉就是“真的好黄渤啊”。事实上整部电影和预告片里所吐露出来的情绪是完全不同的。预告片看起来是爆笑喜剧，看完了却觉得远远不是喜剧这么简单，其中隐藏着某些更为深刻的探讨。而且带着黄渤式的幽默，探讨着黄渤的世界观。和以往黄渤出演的各种现实背景的电影不同，在黄导的电影里，背景设定就是：“外面世界都淹没了，我们是人类唯一的幸存者，在资源有限的荒岛上，我们要如何活下去！”。是不是一下子觉得这个设定很不现实？但真正的电影却反映了更加现实的人和人的问题，20个男人，10个女人。资源被重新分配了。以前的阶级、制度、社会秩序都没有了。该怎么活下去？怎样能活的更好？这个张总撒钱的一幕就特别有代表性。货币在这个小岛上失去意义了。毛爷爷也换不来食物。当漫天飞舞着“钱”的时候，其他人都无动于衷。过去固定的社会秩序在这个岛上已经不生效了。估计对初中历史还有记忆的人就会记得，原始人有个时期是“母系社会”，母系社会妇女地位高的最大原因就是：靠摘野果的妇女比靠打猎的男人带回来的食物更多更稳定。而当后面人类开始学会制造更多的打猎工具后，打猎的效率大大提高，人类社会从母系社会就进入到父系社会。这里不去考虑性别问题，一句简单的原始人硬道理：“谁能解决食物来源的问题，谁就能获得更高的社会地位”。初到荒岛的30个人，正是处在这样一个需要解决基本生存问题的原始阶段，于是王宝强演的“小王”就是资源重新分配后，原始社会出现的第一股力量！住在山洞里的原始人，披着兽皮的山大王的形象设定也极其符合这个剧情。所有人回到了原始社会甚至奴隶社会时期。简单的“多劳多得，少劳少得”似乎是硬道理。当然，在任何社会秩序中，秩序都不是无法变通的。大波妹自然有足够的资本和社会顶级地位的小王搞好关系。而狐假虎威的老潘也凭借一张嘴，把马匹拍得恰到好处从而代替体力劳动。而这两个角色在接下来崛起的第二股力量站主导的时候，也属于“没怎么吃苦头”的，这一幕乍一看更像是农村题材的影片里两个村子在打群架。是的“王村儿”代表着原始社会，靠原始的体力生存，而新贵“张村儿”的村长张总则是靠着发现了大船，一下子拥有了更多的生存资源后，开始靠“脑子”吃饭了。上下颠倒的沉船食堂反复出现。暗示着这个30个人的小社会开始发生了颠覆性的变化，又印证了中学教科书里的那句话：“当人类生产力达到一定发展水平，可以把多余的劳动产品进行交换，这时货币产生了。”两幅扑克牌马上就重新担当起了毛爷爷的角色。从“攀岩无能”到“等待时机寻求合作”到“燕雀焉知鸿鹄之志”以及制定货币并且“四个二和两条鱼”通货膨胀般的修改游戏规则，果然，6亿身家的公司上市老板的智商和情商是不可小觑的。张总这股力量代表着奴隶社会已经玩不转了，拥有游戏规则的封建社会到资本主义社会发展状态才是中坚力量！而两种社会形态都无法为伍的马进（黄渤）就是个编外了。没有曼妙身材、也不能靠脸吃饭，更没办法趋炎附势的溜须拍马，小王的直接暴力和张总的老谋深算都不是马进可以匹敌的。然而咸鱼翻身的机会却总是有的！绝望中6千万彩票奇迹的以另一种方式兑换了：6个亿在岛上也买不到的鱼雨鱼山。老天是公平的，每个人的人生中或多或少都会有几次机会，或是遇到贵人，或是中了大奖、又或是其他巨大机遇，抓住了，你就更上一层楼，抓不住也就这样了。马进就抓住了这个千载难逢的兑换奖券的机会！并且好好利用了一把。他开始运用手里的资源，让自己达到小社会的一个新高度。挑唆现存的两大势力两败俱伤的同时，站出来调停，并且给所有人制定了一个新的发展目标，伴随着小兴的手动发电，工业革命的电气化时代来临了。照片、电影、广场舞等临驾于温饱问题以上的娱乐项目开始出现了。30个人的小小社会开始活在马进和小兴控制范围内的造梦空间里。在短短的几十天内，这30个人经历了人类发展的一个全过程演化。千辛万苦爬到社会地位顶层的马进却发现大家只是生活在一个谎言里！幸存下来的30个人类遗孤根本就活在一个自欺欺人的乌托邦里。什么才是真的呢？眼前资源匮乏却切实感觉到的社会地位，还是外面高度的社会文明物质中的被人踩踏的草根阶层？马进、小兴所面临的就是这么个选择题。“你愿意当古代的皇帝呢？（那个时候没有手机也没有电视剧，却能在万人之上）”“还是当手机、空调、电子货币全都异常方便但不得不每天挤地铁的普通上班族？”对白中反复出现了“冰淇淋和一坨屎”的概念。是的，没人咬破，冻住了的一坨屎也可以假装冰淇凌！于是第一个“咬破”的小王就理所应当的被视为疯子。疯子说出来的自然不是真的。这里会让人联想起一本书叫《维罗妮卡决定去死》，里面有个故事，大概意思是说：有个国家，出现了一口疯人水井，饮用了水井的水的人都会变成疯子。而国民却不幸陆续都饮用了那口井的水，开始攻击国王，直到全国就剩下两个正常人：国王本人和大臣。就在走投无路的时候，大臣給国王提出了良策，“我的王，您现在应该马上去喝那口井的水，这样你就又会成为这群疯子国民的王了。”故事到这里戛然而止，却耐人寻味。就和荒岛上30个人的乌托邦一样是一出戏。戏里戏外哪些才是真的？哪些是编造的？编造出来的梦想是错误的吗？醒来的人是疯子吗？还是所有人都是疯子，宁愿活在自己编造出来的谎言里？个人感觉到这里黄渤反复思考和一直都在探讨的问题才真正的浮出水面。前面的人类进化史只不过是通过不同方式爬到社会顶层人群的交锋和发家方法论的问题罢了。平凡的人，生活经历相对简单，反而很难通过自己切身的经历去思考过于深刻的人生问题，但看着黄渤的《一出好戏》，再对比黄渤本人的小历史，你就不难理解黄导其实通过影片反映出来的课题也是他自己一直探索的。从酒吧歌手到舞蹈教练以及配音演员，后面从幕后走到台前还一炮而红，变成影帝、综艺节目著名真人秀台柱子之一，现在蜕变成导演，不是偶像路线的靠颜值吃饭，而是妙语连珠的幽默和实打实的能唱能跳，这个人很扎实，很踏实也很没有距离感得招人喜欢。能唱能跳的艺人天天有，不是各个能到黄渤这一步，有些时候抓住那个只有一次的机会，今后的人生就不同了。就像6千万兑换的鱼山鱼雨到底应该如何使用一样。但当黄渤像所有人一样不停地向高处攀登的时候，这个“黄导”却保持冷静和时刻思考，甚至有些焦虑，他用非常充沛的表达欲和自我要求，不停的探究着反思着……而并不是一直没命的往上爬，这么爬对嘛？这个是浮云吗？这个是我所追求的吗？越是见过大富大贵，有过大起大落的人越会质疑眼前生活的真实性，以及一直以来不停追求究竟是何物。这个也正是符合《一出好戏》故事线里面的人类发展史，当我们人类了温饱以后，理想社会的人们开始思考哲学问题了。村上春树的《寻羊冒险记》里有一小段关于北海道羊群的故事：每年羊群交配季节，农民会把所有公羊都关在一起，让他们自然决定谁是最优秀的。公羊们的斗争是残酷而惨烈的，但最后体力最好的公羊将会在接下来的几个星期和所有母羊交配。交配季结束后，公羊会瘦掉十几斤到几十斤，看起来十分可怜。然而变成烤肉的时候，你却吃不出来最后获胜的公羊和其他羊的区别，所有羊无论在活着的时候怎样斗争，有着怎样的社群地位，吃的时候味道都一样。对的，这个羊的故事换到人身上也一样，当我们努力向上爬，追求社会地位（动物的话，叫社群地位）的时候，除了极个别的不朽以外，大多数人百年之后都是一炮黄土，并不会有太大的区别。那我们爬什么爬啊？然而活着的我们无论处在原始社会，还是奴隶社会、封建社会、资本主义社会或者理想社会，都在不停的追求着社会地位。所谓人往高处走水往低处流。在向上爬的同时，不停追求的同时，完成了一次又一次的蜕变。从酒吧歌手到舞蹈教练到配音演员到影帝到导演……黄渤一路前行的同时一直在思考着，探究着。这些是真的吗？是编出来的一出戏？编出来的就没有意义了吗？质疑自己的同时，通过影片黄渤也在和所有人边开玩笑边深入的探讨。就像影片中没有交代来由的蓝白条病号服一样。结尾中精神病院的病人们整齐地穿着蓝白条一起做体操的一幕不停的提醒着所有荒岛获救的人：小兴说的是真的吗？那几十天是真的吗？还是一出戏？难道就因为我们身上的衣服款式和精神病人不同吗？我们本质上和他们一样也是蓝白条吧？每一个制造出来的梦想，哪怕是编造出来的，最后都会导致某些结果，达成某种意义。当人类不停向上追寻的时候，人类社会得到了发展，马进小小乌托邦也給屌丝马进蜕变和发展的反作用力。。简单三张图，看看女神的对马进的态度就能说明一切。爱情永远是美好的，能让你摒弃一切丑陋，奋力勇往直前。即便山颠海覆的失去一切，只要你的一片岁月晴好就都值了。某种意义上来说，姗姗的存在，对于马进来说，无论是低谷还是巅峰时期都是一站美丽而动人的灯塔光。梦想、舞台、一出戏，即便是不真实的，即便是编造的，姗姗的行动也直接地给出了一个看得见的意义。最后说说硬伤。也是感觉有点不合理的几个地方。刚开始的剧情设定是几天的团建，那上巴士后，第一感觉是这堆人要坐巴士去某地住宿几天。就算开到海里也应该是去几小时内就能到达的浅海某海岛吧？上来就开到万吨集装箱巨轮才能到的深海，你坐的是水陆两用巴士又不是邮轮！巴士上既没有房间也没有洗手间，估计没来巨浪以前车上的人已经开始觉得哪里不对了吧？很好奇这个冲浪鸭巴士外壳以及玻璃都是什么材料的，赶上潜水艇了，翻到海里以后都完全密封，而且能够承受得了水下的巨大压力，一滴水都没进，居然漂流到荒岛上后，30个人除了一个骨折的，全员生还，应该给厂家全体制造人员发锦旗。当然了，毕竟黄导是处女座。而且估计8年拍片里面前前后后的删减和补拍应该折腾了好多次。换了一般人，8年故事情节可能都会不记得了，更别说故事逻辑性了。所以不是很合理的部分我倒是觉得可以理解。随后科普一处，这里的背景音乐电影《2001太空漫游》里面的著名交响乐《查拉图斯特拉如是说》是查理施特劳斯根据尼采的《查拉图斯特拉如是说》的同名著作创作的，而尼采这个疯子哲学家的著作则是说的一个关于无神论者从违心说走向唯物的一个过程。虽然不知道选用的这个音乐是不是有更深层的含义，但坐在电影院里这段著名的乐章响起的时候，千万别再脱口而出《星球大战》或者《星际迷航》了，坐你隔壁的妹子就算你不认识，也可能笑你无知对吧。好了，今天聊到这里。纯粹个人对黄渤和《一出好戏》的见解哈，我还是挺喜欢黄渤的。             © 本文版权归作者           猴头虫           所有，任何形式转载请联系作者。         ,35
少一个,9575998,85,2,13,https://www.douban.com/people/182091851/,未知,5,小偷家族,https://movie.douban.com/subject/27622447/, 等了很久，终于刷了是枝裕和的《小偷家族》。满分的满意。看完后也终于理解，之前让我很意外的，很多日本人觉得是枝裕和的金棕榈奖，是国家的耻辱：为什么要向全世界输出日本的小偷形象？为了反驳这种论调，说说我看到的电影真相吧。“除了偷，我没有什么可以教给他们的了。”电影一开始，小偷家族的“父子”正在超市偷东西，就像去买东西一样驾轻就熟。甚至偷完回家的时候，祥太想起忘了拿洗发水，就像“忘了买洗发水”一样。这样的情节当然让人耻辱。但在电影的尾声，当警察问父亲治为什么教孩子偷东西，治的回答就像一记耳光。我们随手可得的物资，有的人只有偷才能用上。而这正是日本日益严重的城市贫困真相。电影中的“养老金”也是现实：日本2010年的全国调查发现，有11061名“百岁老人”其实早已过世，但家属隐瞒了死讯，只为冒领养老金。另一组数据是：日本现存1500 兆日元的金融资产中，20-30岁的人仅占0.3%。15-34岁非正式雇佣女职员中，约八成挣扎在贫困线上。我们每个人，都可能过上小偷家族那样的生活，我们能做的更好吗？“死了还能派上用场。”奶奶初枝过世后，家人为了冒领养老金，把她偷偷埋了。埋完后，治想，等我死了也会这样被埋掉吗？想起《比海更深》里的希子说：我都这把岁数了，却从来也不会爱一个人会比海更深。这也是人生的真相：我们到老才发现，自己永远无法过上想要的人生，在死亡面前，都是一样狼狈不堪。比起守护家人拯救世界的情节，是枝裕和说，自己更想描述平凡人，有点肮脏的世界忽然变美好的瞬间。所以当孙子说，中了彩票要建一所大房子，让奶奶也搬进来住，希子哭着笑说：你这么说我太高兴了。就像在海滩上，将死的初枝说：谢谢你们了。这些都是导演用残酷的镜头，告诉我们更残酷的人生真相后，留下的美好瞬间。“真正爱你的人，会像我这样紧紧拥抱你。”家族，是依赖血缘关系建立起来的身份。在电影中显得讽刺：小偷家族的六个人，没有任何血缘关系，但相互的爱，一点也不比正常家庭的少。就像托马斯·品钦的小说《性本恶》中，那些堕落的嬉皮士、瘾君子，更懂得关心和理解别人。正因为缺少温暖，他们更懂得温暖对一个人的重要意义。所以，信代恨透了自己的母亲，却给了两个毫无血缘关系的孩子所有的爱。这也是我们不得不承认的人生真相：血缘的爱有时是虚伪的，而偷来的爱却更真实。是枝裕和说：电影并非为了审判，而是让观众将问题带回生活中，反复思索。所以哪怕时隔21年后，日本再获戛纳金棕榈奖，热衷长脸的安倍首相沉默了。因为他的大国神话里，不存在小人物的卑劣困苦。是枝裕和将小人物的卑劣困苦摆在了我们面前，因为这就是真相。这样的真相不是耻辱，视而不见，才是不知羞耻。正视这些不美好，才有变得更好的可能。 文章首发微信公众号：少一个，欢迎关注。             © 本文版权归作者           少一个           所有，任何形式转载请联系作者。         ,45
大海里的针,9575188,32,9,8,https://www.douban.com/people/65569388/,北京,4,巨齿鲨,https://movie.douban.com/subject/26426194/,“中国人民的老朋友”郭达·斯坦森（简称“郭达森”）又来了，在这个大片云集的暑期档，他带来了一部消暑力作——《巨齿鲨》。这位浑身肌肉的英伦硬汉，在过往的作品里怼黑帮、怼雇佣军、怼飞车家族......天上飞的地上跑的，全被他怼了一遍，这次终于要怼水里游的了，没办法，谁叫他以前是职业跳水选手呢？杰森·斯坦森早期跳水作品与郭达森搭戏的，是近几年来一直在好莱坞奋斗的中国女星李冰冰，虽然华人演员在好莱坞的作品一直良莠不齐，但是这次《巨齿鲨》的质量绝对值回票价。作为一部题材很常见的爆米花电影，本片的爽点非常密集，无论是那些庞然大物带来的震撼，还是唤醒深海恐惧症的压迫感，都能让你在炎热的夏天感到阵阵凉意。本片的设定源于一种科学假说：马里亚纳海沟的海底不是真正的“海底”，而是一层云状物，穿过这层云状物另有一番天地。李冰冰、赵文瑄、鲁比·罗丝等人饰演的科学家，就利用潜水艇潜入万米以下的深海，踏入了这片未知领域。在这片漆黑的海域中，不仅生活着拥有巨大吸盘触手的乌贼，还有本该在两百万年前灭绝的巨齿鲨。潜水艇的灯光吸引了巨齿鲨的注意，随即受到攻击，导致3名科考队员受困海底。为了营救受困的队员，李冰冰、郭达森饰演的科研人员先后潜入深海，展开紧张刺激的救援。印象最深的，是郭达森坐在潜水艇里，望着脚下漆黑的海域犹豫不决，让观众也仿佛感受到失去支撑的坠落感。还有李冰冰猎杀巨齿鲨的时候，只身一人待在防鲨罩里，看着巨齿鲨就在不远处缓缓游动，犹如置身于一口透明棺材中。一般来说，幽暗、压抑的深海救援，就完全可以支撑一部小成本惊悚片，然而在耗资1.5亿美元的《巨齿鲨》里，这些只是前菜。营救行动打破了海底世界原有的生态平衡，巨齿鲨尾随着潜水艇的轨迹，来到上层海域袭击船只，于是科考队又要面临消灭巨齿鲨的任务。而当我们以为巨齿鲨终于被消灭时，突然出现一只体型更大的巨齿鲨，足足有一艘轮船那么大，在海水中随便一搅动，就能形成一个漩涡。对比这样的庞大大物，人类显得非常渺小，任何攻击手段也不见成效。作为一部灾难片，《巨齿鲨》除了惊险刺激的大场面，更难得的一点是主角全程智商不掉线。面对巨齿鲨的追杀，主角们准备充足，反应迅速，很快意识到灯光和声音能够吸引鲨鱼，于是在逃跑的时候刻意关闭了灯光，降低了游泳速度。准备反击的时候，又很明智的选择了最大剂量的麻醉药，没有那种恨不得气死观众的弱智情节。就连片中的大反派，在偷猎巨齿鲨的时候也明智的保持距离，还要用深水炸弹炸两次。只可惜巨齿鲨不按套路出牌，反派最终还是葬身鱼腹。至于影片的高潮部分，绝对会让国内观众有一种亲切感，因为巨齿鲨居然跑到了海南三亚！想象一下，在三亚湾煮饺子式的景区海域，突然冒出来一条大鲨鱼......前一秒还在嬉笑玩闹的游客，突然被巨齿鲨吓得尖叫，慌不择路的四散逃命，甚至还有一个滚水球，被巨齿鲨一口咬炸，碎片迎着屏幕飞向观众。不得不说，这段戏真是太接地气了！（顺便求三亚人民的心理阴影面积）1975年，史蒂文·斯皮尔伯格的《大白鲨》上映时，不仅开创了北美暑期档的先河，给导演带来票房和口碑的双丰收，还造成当时美国沿海地区的游客人数锐减。希望这部《巨齿鲨》的上映，不会给三亚旅游造成负面影响吧233333......除了惊险刺激的场面，《巨齿鲨》也有不少黑色幽默的成分。最典型的当属片中的黑人角色DJ，明明怕的要死，却在吐槽时无意识的发挥出种族天赋，来了一段即兴rap。还有片中多次出现的直升机，根据灾难动作片的常规套路，直升机出现的意义就是为了满足观众对爆炸场面的需求。我在观影时设想了无数种坠机的方式，比如巨齿鲨突然跃出海面把直升机咬烂，或者海面一个大浪把直升机打了下来，然而让我始料未及的是，导演居然选择了最蠢的一种坠机方式......至于具体是什么方式，我就不在此剧透了。当然还有鲨口逃生的那只小狗“皮皮”，在海中扑腾着小短腿实在可爱，看到它躲过一劫的时候，影院全场都欢腾了。其实无论是《巨齿鲨》，还是《大白鲨》、《鲨滩》、《鲨卷风》，甚至包括“哥斯拉”、“金刚”这样的怪兽电影，主题都是在探讨人与自然的关系。影片中满身铜臭的反派老板，以及偷猎船上被割掉鳍（即鱼翅）的鲨鱼，都是在提醒我们，无论是出于科研还是商业目的，人类都不该破坏生态的平衡。当然本片也有一个显而易见的槽点，就是所有中国角色讲英语毫无违和感，一说中文台词反而非常尴尬，甚至让我怀疑这些台词都是机翻软件写的。看完电影我查了一下，果然编剧都是老外。总的来说，《巨齿鲨》依然值得一看。尤其在这个暑期档，前有巨石强森和昆凌主演的《摩天营救》，后有郭达森与李冰冰主演的《巨齿鲨》，不禁让我感觉合拍片经过一段时间的试错，终于逐渐走上正轨了。希望代表两种不同文化的好莱坞电影与中国电影，能够互相取长补短，创作更多让影迷喜闻乐见的作品吧。             © 本文版权归作者           大海里的针           所有，任何形式转载请联系作者。         ,30
美好电影公社,9570678,27,9,5,https://www.douban.com/people/nicemovie/,北京,3,巨齿鲨,https://movie.douban.com/subject/26426194/,从《速度与激情》系列到《敢死队》系列，从《怒火攻心》到《玩命快递》，打遍全世界的杰森·斯坦森这次在《巨齿鲨》中挑战的是史前巨兽巨齿鲨。以鲨鱼为主角的怪兽片可以追溯到70年代的《大白鲨》。当然，比起巨齿鲨来，大白鲨可谓是小巫见大巫了。巨齿鲨是一个已灭绝的史前巨大鲨鱼种类，生存于2300万至260万年前。据估计，巨齿鲨最大的体型为20.3米长。从这种身型来看，巨齿鲨的重量估计达至103吨。而且巨齿鲨的牙齿非常厉害，咬合力是古今动物之最，最高达19公吨，能轻易咬穿鲸的骨骼。这里有一张大白鲨和巨齿鲨的体型对比图。绿色的部分是大白鲨的平均体型，而红色的是保守估计下的巨齿鲨体型，要是非保守估计的话，巨齿鲨的体型可能有灰色的那么大。如果你是好莱坞大片或者怪兽片的爱好者，那么《巨齿鲨》中巨大的鲨鱼、酷炫的视觉效果和人鲨大战的刺激场面、一定会满足你。片中，杰森·斯坦森饰演的是前美国海军陆战队的深海潜水专家乔纳斯·泰勒，他曾在一次深海行动中发现了史前生物“巨齿鲨”，但没有一个人愿意相信他，还称他为疯子，直到巨齿鲨的再次出现——在一项由中国主导的国际科研项目中，科研人员正在马里亚纳海沟深处进行时，再次遭遇巨齿鲨的攻击，被困海底。而在营救科研人员的过程中，意外让巨齿鲨从深海游到了浅海区，一场惊险刺激的人鲨大战也就此展开。除了巨大的体型和惊人的咬合力，电影中巨齿鲨的攻击力也很强，在它面前，飞机爆炸、轮船倾覆、深海科研站几乎全面瓦解。面对史前巨兽的袭击，杰森·斯坦森和李冰冰联手反击，上演了一出又一出惊心动魄的人鲨大战。比如当他们第一次准备狙击巨齿鲨时，杰森·斯坦森被绳子拖着在水上快速滑行，而后面就是张着血盆大口还紧追不舍的史前巨兽。虽然这场戏充满危险，但杰森依然亲自上阵，完成了在水上水下高速穿梭的特技， 对于这场戏，杰森直言：“虽然危险，但是充满乐趣，我非常享受。” 当巨齿鲨来到三亚湾准备大开杀戒的时候，带来的则是另一种恐惧——你知道有危险，但是却不知道这种危险什么时候会发生，非常挑战人的心理和生理极限。史前怪兽缓缓在水底下游动，寻找合适的猎物，而海面上一群毫不知情的人嬉笑玩乐。当然，除了那些让人肾上腺素飙升的人鲨大战的场面，电影中的“海底世界”也让人惊叹。在深海科研站外的鲸鱼母子，无数的鲨鱼群，各种千奇百怪的神奇生物，还有各种水下细微的波纹和水汽，《巨齿鲨》中呈现的是一个逼真的“海底侏罗纪”，再度引发深海恐惧。史前巨鲨的袭击，惊险刺激的人鲨大战，再配合逼真的特效制作，作为今年暑期档的怪兽大片，《巨齿鲨》无疑是令人满意的。而且在炎炎夏日看这么一部讲述海洋和海洋怪物的爽片，真的蛮消暑的！              © 本文版权归作者           美好电影公社           所有，任何形式转载请联系作者。         ,30
喜喜喜喜喜喜饼,9571167,205,16,92,https://www.douban.com/people/50548424/,San Diego， United States,5,日本之耻,https://movie.douban.com/subject/30263943/,这篇文章写了几个月了，谢谢各位的阅读，当时写完只是想到自己的一些事儿，有感而发，也许会有点词不达意，我不是什么作家，也不是写手，别用太专业的眼光来审核这篇文章，第二，这篇文章只是讲诉1，在日本，女性地位确实不高，2，为什么会出现很多性侵却不敢言语的现象，3，我很佩服女主，感谢各位的阅读看完这个片子，我一下午都没有平静，我想起了我实习时的经历。当时我在省台实习，我妈说你要好好跟老师学习，结果我去的第一天，见到我的实习老师，他说的第一句话就是你会喝酒吗？我愣了三秒钟说会一点，基本每次采访完都会有单位请我们吃饭，喝酒必不可少，而且是白酒，但是我每次都是吐在杯子里，但也没事，直到有一天，老师在晚上9点叫我出去唱ktv，说有几个同台的老师，给我介绍一下，我知道成年人的社交大多数都是在私底下，但为了实习我还是去了，我想如果不好我就跑，结果到了以后，我觉得我像个陪酒小姐，左右逢源，我还清楚的记得老师的手从我的肩膀滑倒了我的腰，那一刻，我无比恶心，我甩开了他的手，拿着包就跑了。第二天我没去实习，我跟老师发了信息，我生病了，他只说好的，没有任何回音，结果三天以后，我妈气冲冲的回来说好不容易给你搞得实习怎么就没了？原来老师倒打一耙给介绍人说我消极怠工，不好好工作，实习人那么多，只好把我除名，介绍人又不明就里的给我妈说了，当时我就一边哭一边听着训，那一刻，我对男人有了一种无比的厌恶感，丑陋，肮脏。我去日本的第三天，我就在大街上被人问，有没有时间去喝一杯，我给你钱。当时就被惊到了，在日本，女人是可以被交易的，而很多女生，女人甚至享受这种方式，你给我给钱，我给你性，所以我不觉得有什么，这也就滋养了一群人，对于性和女人的不尊重，只要有钱我可以对你为所欲为，辛苦建立的平衡和尊重在金钱面前荡然无存。日本的电车里经常会写着预防痴汉，也有女性车厢，但是我在日本4年，没见过一例电车上的呼救，包括我自己，也选择了忍耐，第一次被痴汉摸是下了晚班，坐在车上昏昏欲睡，我感觉腿上麻麻痒痒的，我一睁眼，一个公文包下，一只手在摸我大腿，我吓坏了，我继续闭眼，那只手知道我看到了，也缩了回去，我赶紧起来换了个座位，但是，末班电车的那节车厢里，只有我一个女生，我找了个角落坐下，我不敢喊，也不敢说，我怕没有人帮我，我也怕被人耻笑。那一刻，我明白了现实和吹牛的区别，后来我亲眼看到日本妹子被摸，她也选择沉默，我想，我们助长了一些可怕的风气。日本很多女人习惯了屈服，服从，在日本久了，性骚扰这种事情其实不要太严重，但是大家好像都觉得这样是正常，男女都觉得是。但是我还是没办法接受潜规则的性骚扰，对于我来说，和强奸没有区别，其实不仅日本人，甚至很多国人都默默的接受了这一个游戏规则，双腿一张，笑脸相迎，钱和地位都有了，所以，因为得来的太容易，女人从心理上更容易崇拜男人，就像影片中的议员，其实日本的男权崇拜非常严重，这不是一个人的问题，而是一个社会的问题，因为从女人的心理上来说，这不是强奸，你睡一觉，什么都有，你怎么好意思舔个脸去告人家强奸。还记不记得有一个场景，男当事人开电视说明会，他说他是好心把女生带到宾馆，因为她喝醉了，会吐，会有危险，旁边的男士马上说，你真是好心呢，如果是我，我可能都不会管她，因为喝醉吐好麻烦，瞧瞧，意思很明确啊。日本因为是性爱大国，所以他们的影片足够显示出男尊女卑的状态，不论是女仆，教师，不管你是什么职业，你都可以做我胯下物，所以，对女生的尊重，压根没有。所以我逃离了日本，却发现中国这样的人也不少，只是没有日本那么夸张，不过最起码中国的法律对于强奸还是很明确的，我很佩服这个女生，如果我是这个女生，我可能除了逃避我不知道该怎么办，因为我惹不起。愿这个世界真的有公平，愿人人活得有尊严             © 本文版权归作者           喜喜喜喜喜喜饼           所有，任何形式转载请联系作者。         ,45
天师章,9568755,744,108,631,https://www.douban.com/people/174159365/,重庆,1,爱情公寓,https://movie.douban.com/subject/24852545/,评论区果然一波洗地，呵呵呵，都8102年了那些用烂的梗就别拿出来丢人现眼了。https://www.douban.com/doubanapp/dispatch?uri=/review/9524038/————————————————————  声明几句，这篇“影评”不全针对电影，实在是洗地工太过无耻，盛怒之下遂作此文一一驳之。正在我们误以为这次汪韦二人坚持了原创时，铁一样的事实再次证明了二人的人品有多么(消音)。 https://www.douban.com/doubanapp/dispatch?uri=/review/9430497/ https://www.douban.com/doubanapp/dispatch?uri=/review/9577782/之所以要说这个就是证明我不是无的放矢，所以那些让我去骂电视剧的小朋友可以出门左转了。——————————正文——————————写在开头:爱抄公寓的狂热支持者无非两种人:一，不知道或没理解透彻它的抄袭。二，无所谓抄袭，就是要无脑捧。  第一种先不说，不知者无罪，请欣赏爱抄公寓抄袭史——http://space.bilibili.com/27479646?share_medium=android&amp;amp;share_source=copy_link&amp;bbid=98B3E256-D7C3-49D0-9716-C9B6F9B974B494836infoc&amp;ts=1531140107670  现在说的是第二类人:      1.首先说说“看过美剧了不起”党  呵呵，我们看美剧还真比你们看抄袭剧了不起。爱情公寓是怎样抄袭的？b站主总结得很清楚，用照抄照搬绝不为过，因为爱情公寓有整集照抄过来的光辉历史。  别说什么爱国不爱国，怎么说一部国产电视剧不好还能成不爱国了？照这么说抗日神剧还爱国呢。说人崇美的更可笑，别说我们是否崇美，就说你们亲爱的汪大裁缝，他不是也崇美吗？要不抄啥？  2.也别说什么情怀，抄袭来的情怀很美好？你对它不舍偷着看看盗版就行，别来洗地，抄袭就是抄袭，抄袭就是可耻，以实际行动（如贡献票房）支持抄袭更可耻。  3.“抄得成功”这种话更是笑掉大牙，不知照抄照搬有哪一点是成功的？你说它抄袭也没影响，你怕是不知道爱情公寓有多丢我中国的脸吧      如果以上还不能让你觉得这是可耻辱国，令人不齿的抄袭，请检查一下你的三观。4.也别说什么东西文化不同，对，文化不同是存在，可他们真就完美照抄照搬了美国文化，除了中国话，你还能找出哪里体现中国特色之处？连pleh都不改成汉字“命救”，这是中国文化的精髓？  5.你可能会问“外国为什么不告呢”，答案是他们也想告，但是没那么简单。首先跨国打官司本来就很麻烦，更何况就算他们打赢了，也得不了多少好处。  6.我们以前看爱情公寓时确实笑过，但那是爱情公寓让我们笑的吗？当然不是，是被抄袭的美剧让我们笑的。喜欢爱情公寓当然没问题，又不能喜欢一辈子，分清善恶本质就好。  7.那么为什么电影没出来我们就这么骂抄袭？  别说什么no看no BB，之前他们抄袭有目共睹，你说抄了一季初犯原谅他吧，他接着抄，两次也原谅吧，还是抄，连外传都是抄袭的，请问我们怎么相信他电影版没抄？狼来了的故事听过？  8.再说小时候抄作业，谁都抄过，没错，可哪位抄作业像爱情公寓一样盈利了？谁抄作业是没经过许可的？  版权意识，懂？  9.我见过洗地工最奇葩的话是“他是抄袭了，可你们凭什么骂他？”  这话我能笑一天，你家汪大裁缝拿别人剧本糊弄观众，我们还没权力去骂他？这种人就是死粉，被汪远韦正他们耍了还倒帮他们数钱，真是可笑又可悲。  10.还有“我就喜欢抄袭不喜欢原创”的，我也不想反驳你们什么了，但请你们以身作则，你是原创的，请自杀。  11.之所以因为它抄袭就直接一星也不是因为它烂，烂不烂不好说，但就凭抄袭这一点就可以负分滚粗了。因为其他原创的烂片再烂，也烂的有尊严。  12.为什么要骂抄袭？  似乎有的人一直觉得有的事情都是有“专业人士”干的，与自己毫无关联，他们任由抄袭剧一抄再抄又抱怨着国产电视剧没有起色。天下兴亡匹夫有责，我相信如果大家都能抵制烂片烂剧，众志成城一定会有个好结果。  之所以铺天盖地骂抄袭，就是为了给恬不知耻的抄袭者知道:你再不收手，会有越来越多的人反对你。  13.至于说“好看就行”的，这里是豆瓣，麻烦您移驾猫眼谢谢。  至于“你行你上”“不爱看滚”这种用烂的话的，就别丢人现眼了。  14.挺爱抄公寓的人，你们都将在中国电影耻辱榜上，拥有自己的一席之地。  15.为什么要写这一篇影评？就是为了让那些洗地都没水准的洗地工看看我们到底在骂些什么。  有人说撇开抄袭看爱情公寓，撇开抄袭，爱情公寓还剩下什么？嗯？？？  16.有人还说“你以前那么喜欢它，就因为它抄袭就不喜欢，你是忘恩负义”，负*呢？不知道其他爱粉是怎么想的，反正我以前多喜欢它，知道它抄袭后就多恶心它。你说这是忘恩负义？真正忘恩负义的是你家汪大裁缝好吧！难道你就没有一点被他糊弄了的感觉？？？  17.还有拿市场说事的“抄袭剧只是一时适应了市场需要，早晚会退出中国影视舞台”  哇你太看得起汪远韦正他们 四季加外传抄的盆满钵满 你还指望他们会收手？  如果抄袭剧能大赚，那么国产影视注定又会被抄袭剧占领。  适应市场需要是没错，可适应市场的就是好东西吗？  18.如果有人问我“怎样评价爱情公寓？”  我会回答:“一部还算好看的抄袭剧，但不应该支持。”  19.有人说“票房一定会很高”那又怎样？拿票房来说事只能证明你们粉丝们已经傻到被汪远韦正他们耍了还倒帮他们数钱的地步了。20.哦还有拿“盗版”说事的，没错，盗版确实很多人都在看，可按你们的意思，抵制抄袭就是支持维护版权，维护版权就不能看盗版？那么我顺着这个意思也来一个:你们看抄袭就是不维护版权，所以你们就不能看正版？五十步笑百步的道理我也懂，可照这么说，批判诈骗就自己不能撒谎？保护动物就自己不能吃肉？关爱他人生命自己就不能杀鸡了？？？  再重申一遍，以上大部分针对洗地工，实在是洗地工太过无耻，盛怒之下遂作此文一一驳之。PS.转载随意 署名就行啦～————————————————————爱抄公寓专属表情包——https://www.douban.com/doubanapp/dispatch?uri=/photo_album/1676357953/             © 本文版权归作者           天师章           所有，任何形式转载请联系作者。         ,15
彩骚戏话,9568166,1378,35,56,https://www.douban.com/people/58041789/,未知,5,小偷家族,https://movie.douban.com/subject/27622447/,以成员为单位对本片的剧情做了梳理，对每个角色过去留白的地方进行了一些猜测。柴田初枝：在没有组成现在的家庭之前，初枝的晚年生活是相当寂寥的。《小偷家族》的小说里提到，初枝确实有一个儿子，和儿子儿媳住在现在的平房里，而儿子和儿媳的名字呢？正是治和信代。真正的治和信代对初枝非常不好，初枝的儿媳甚至多次把初枝赶出家门。某天初枝的儿子被派到外地工作，本来他打算卖掉房子以后全家搬走，但初枝坚决不同意，于是夫妻两人抛下初枝，差不多断绝了联系。此后初枝一个人住在破败的平房里，风烛残年，无所事事。遇到治和信代以后，初枝和这对“夫妻”之间形成了一种彼此利用也彼此取暖的关系。从片尾警察询问祥太的片段可以推断，治和信代在一次偷窃时遇到并救下了被父母遗忘在车里的祥太，此后三人居无定所，然后才遇到初枝。一方面初枝给他们提供了住所，不用再风餐露宿，同时为他们提供了身份上的掩护，另一方面他们三人充当了初枝一直希望但缺失许久的家人的角色，并且治和信代都找到了打工的工作能维持温饱，并没有过分啃老，因此这四人得以和谐共存。正如初枝和信代在片中都提到过，当时信代“捡到”了被抛弃的初枝，初枝则把自己儿子和儿媳的名字给了现在的治和信代，让他们成为了自己家人的替代。在这之后初枝前夫去世，初枝在前夫的葬礼上遇到了同样孤独的亚纪，说服亚纪加入，于是小偷家族就此成型。从一些细节来看，治和信代对初枝的态度是有保留的，比如会在初枝不在家的时候大说闲话然后在她回家时改口，发现初枝死后比起悲伤更多的也是担心如何处理后事不被外人发现。日本人很重视老人去世以后的后事，但初枝死后夫妻俩很快决定不办丧事，草草把她埋了起来。那初枝对这家人又是什么心情呢？个人觉得初枝还是有把治的“一家三口”，以及后来加入的友里当做自己的家人的，她没有倚老卖老，过多地限制住在她屋檐下的这些人的自由，甚至还陪着一起偷窃（友里的裙子）。但要说她最宠爱的，还是亚纪。靠着每个月拜访自己前夫和出轨对象的儿子，也就是亚纪的父亲家（大陆版字幕把亚纪父亲的父亲翻译为继父，应该是翻译错误。亚纪的父亲是初枝的前夫和小三的儿子），初枝以软性勒索一般的方式每个月索要三万日元的“慰谢料”—前夫的出轨补偿金，但是自己一分钱也没花，而是全部藏进了自己的假牙盒里。但这些钱到底是留给治和信代，让他俩在事情败露后可以靠这笔钱逃逸到别的地方，还是留给亚纪，让亚纪在想要脱离现在的家庭自己独立以后能有一笔保障，大概还是后者更多一些。从“祖孙”二人去银行那里取钱的时候，初枝似乎是无意识地念出密码来看，个人感觉她是有意把密码告诉亚纪，而这个密码要不要告诉治和信代，则由亚纪自己决定。另外，不知道是真的老了，还是为了贴合角色灯尽油枯的感觉，树木希林这一次疲态尽显，同样是寡居老太太，和《比海更深》里的生龙活虎相比，这一次她更为颤颤巍巍，更加口齿不清，那种所剩时日无多的感觉特别让人伤神，虽然在柏青哥店里偷偷摸摸又让目击者不要声张的样子，依然是可爱而令人怀念的，最熟悉的是枝裕和片子里小老太太的模样。有趣的是，通过每个月都去打扰前夫的后代，她也如同阴魂一般完成了对前夫的报复，而这种对角色的设置，和《步履不停》里她的角色有了微妙的呼应。另外，海边那一句只见口型的“谢谢你们啊”据说是即兴发挥，真是老辣。信代：当亚纪在家中表露出和四号关系暧昧的欣喜时信代说治曾经也是自己的客人。联系之前亚纪线的剧情以及当时信代的表情，我猜测信代也从事过风俗业，其实是错误的。信代很早结了婚，在一家小酒廊上班，前夫失业以后开始频繁对信代家暴。治是当时常去那家酒廊的客人，自然和信代比较熟悉。有一次他看到信代脸上的淤青问起情况，苦闷无处解的信代和他因此开始产生感情，并不时幽会。一次幽会时两人被信代的前夫撞见，前夫拿菜刀想要杀了两人，出于自卫，治夺下菜刀然后失手杀了前夫。治揽下一切责任，被判两年有期徒刑，缓刑两年。在片尾警察审问的时候，信代明确表达过对自己母亲的憎恨，可见信代在自己的原生家庭以及和前夫的夫妻关系中都是异常痛苦的。信代手臂上的伤疤说是熨斗烫的，再联想到她看到友里手臂上类似的伤疤以后触动了回忆一样的神情，信代小时候很可能也遭受过自己母亲的虐待。这样的过往并没有让信代陷入到继续施暴的恶性循环中，相反在小偷家族里，她算是尽到了为人妻为人母的义务，在被爱的同时也成功地付出了自己的爱。友里的出现甚至让无法生育的信代真正体会到了母亲的实感。相对祥太更多是受治的“教导”，同样在原生家庭受到虐待的友里让信代看到了曾经的自己。从一开始只是想让饿肚子的友里吃饱就回家，到后来诱导一般劝友里留下，她渐渐感觉到自己和这个小女孩之间的羁绊。祥太和友里闹别扭那晚，她看到友里一个人在玄关前等祥太回家，那个时候她对友里已经表现出很强的关心。“按理说被父母说过‘你就不该出生’的孩子，不会是这样的，不会对人这么温柔的。”这是信代当时发出的感叹。可能从那个时刻开始信代坚定了不把友里还回去，说什么也要抚养友里的决定。“真正爱你的人不会以爱为借口打你，而是像我这样抱着你。”也是信代自己对于亲情和爱的态度，即使她在潜意识里明白友里不可能永远生活在这个家里，她也要尽可能得像一个真正的母亲一样去关爱友里。而一切败露以后，她是分外空虚和绝望的，因为警察秉承绝对正义，只会将她的行为定义为诱拐，很轻易地否定了信代作为母亲的身份与价值，哪怕友里被接回去以后友里的亲生父母很有可能还会虐待她。而她包揽下一切罪名替治坐牢，一方面是因为治有前科，而且之前包庇自己，算是还了人情，另一方面，个人觉得她让自己坐牢也是隔离自己和友里的客观方式，就像片尾最后被删掉的部分，治最后还是去了友里住的地方，如果信代是自由身，再次带走友里也许是她无法控制的事。最后她淡然地说出了当时捡到祥太时的细节，让祥太凭此寻找自己的亲生父母，也是自己最后一次作为母亲去爱祥太：让他回归原本的家庭，这样祥太才有真正的家可回，才能获得真正的第二人生。和片中的其他角色比起来，信代出狱后的人生可能也是相当黯淡的，刑期5年之后能给她依靠的依然只有治，而曾经的小偷家族大概再也不可能重组了。即使如此，信代也是这个家族中爱的最显性、最轰轰烈烈的。末了还是要夸一下安藤樱这次堪称伟大的演技，情绪转换了无痕迹，那种底层小市民的地味感在《百元之恋》里已经体会过，而这一次则多了一份被岁月漂洗、过滤以后留存的温柔，边角粗粝，内里滚烫。审讯室里一场哭戏，完全是今年日影里最令人动容的时刻。治：柴田治很大程度上吃了没文化的亏。从一些物料里得知，当初和信代联手杀害信代的前夫后，治揽下全责，以正当防卫杀人的罪名入狱了一段时间。至于小偷小摸养活自己的生活方式，是在出狱以后找不到工作迫不得已，还是在遇到信代之前就已经形成，那就不得而知了。在捡到祥太以后，治所能教给祥太的也只是教会他一起偷盗，甚至把友里带到这个家庭以后，他也很快让年仅五岁的友里协助行窃。偷东西对治来说，是他为数不多的技能，而当他带着祥太打碎车窗的时候，几乎是炫耀着的。他灌输给祥太的理念也是相当荒谬的：只有没法在家学习的孩子才会去上学，放在柜台上的东西并不属于任何人，只要商店没有倒闭就好。其实说他如此为人父，是不是完全的坦然，那也是没有的。随着祥太渐渐长大，开始自己读书、自己学习，有些问题他已经回答不了，有些话题他也无法进行。他可以通过偷窃和打工的方式给这个家庭带来收入，但他无法靠一己之力让祥太步上他应得的人生轨迹。在祥太摔伤住院时，他准备带领其他人跑路，那时说的一句准备等一切安顿后再接回祥太，到底是借口还是真话呢。在后来众人开始新生活，祥太留宿他新家那晚，他自己也承认，当时他已经准备抛弃祥太了。但奇怪的是，祥太住院的时候，一家人准备跑路避风头时有带上祥太的鞋子，按理说这样的情况下所带的东西是要很精简的，那么这里是否说明可能治确实打算一切安顿好以后再从医院把祥太带走呢？而尾声那晚承认想抛下祥太，也许是因为不想让祥太与自己割舍不下。他以为说出想抛弃祥太的话，能让祥太与自己疏远。但如果当时真的一切顺利，他们跑路也丢下祥太，让祥太以这样的方式和他们一家人分别，然后过上正常的人生，这样的走向也许也是他一直有想过但又不敢施行的。但当时他从医院飞速回到家里收拾的时候，有没有想到那个道德的层面，却也是未可知的。只是没想到他们的羁绊不止于此。夏去冬来，他可以以叔叔的身份合法地和祥太相处。但当信代说出有关当时救出祥太的线索时，他是意图阻止的。他怕祥太回归原生家庭，自己连叔叔都当不了了。在小偷家族的秘密败露后，他爱的很卑微，还能和祥太一起可乐饼沾泡面汤，就已经大喜过望。出事前的日子里，他一直以父亲自称，而祥太也一直不能自然地叫出这两个字。祥太是他和信代捡回来的孩子这一点，治从没有隐瞒。而当片尾“父子”俩再次分别时，他追赶着公交车，大概是担心这一别就再也见不到了。其实原定的结尾，他又跑去找友里，然后友里看到他以后大喊爸爸，删掉改成留白是更好的选择。这让治和祥太之间的亲子关系不具有可替代性，也让祥太那句还是没有当面说出来的“爸爸”更有重量。其实偷窃之外，治一直有在努力想成为一个更靠谱的父亲。在工地上工的时候他来到一个房间里自言自语“我回来了“还叫了祥太的名字，大概是梦想着有朝一日他能有一个真正属于自己的家，不管家里还有谁，祥太是一定不会缺席的。后来他看到窗外一对父子在一起踢足球，他在屋内拿塑料袋演练的时候模拟祥太看他踢足球的反应，也是想让自己能教给祥太一些更帅气、更像是父亲会和儿子一起做的事。一家人去海边玩的时候，治和祥太谈到欧派与晨 勃的事，在最轻松的时刻开导了祥太在性启蒙方面的不安，都是他作为一个父亲的努力。而到了又一个冬天，治搬到了新的公寓里，他可以正大光明地和祥太一起在公寓里吃可乐饼，一起在屋外堆雪人，某种意义上他也实现了自己当初的梦想，只是他们已经无法成为父子。然而最终祥太认可了治作为父亲的身份。在这点上治和信代身为非亲家长，都是痛苦但又幸福的：他们与两个孩子无法再在一起生活，但两个孩子仍然把他俩当作父母。祥太：在片尾警察询问的时候，祥太已经记不太清最初夫妻两人和他相遇的细节，由此想来，治和信代捡到他的时候，他的年龄可能比友里还小。而到底是见到被困车里的他，英勇救人，还是只是又一次合伙偷窃的路上刚好碰见，这是他一直以来的疑惑。从片头父子二人行窃的驾轻就熟可以感觉到，两人已合作多次。在道德观还没养成的时候，祥太在治的熏陶下已经把偷盗当成了一件无伤大雅理所当然的事。而整个片子冬去夏来又一冬的过程，也是祥太的观念不断被动摇又再度形成的过程。老爷爷的小商店是他经常施展拳脚，还带友里练手的地方。他以为没有治的陪伴自己也能完美行窃，殊不知店主老爷爷把一切都看在了眼里。老爷爷终于忍不住揭穿是因为，他不想尚且年幼的友里沾染恶习。而当老爷爷让他不要再偷窃时，曾经笃定的生活方式一下子脆弱不堪。被抓包的羞耻和尴尬如此强烈，而同时罪恶感的冲击让他感觉到，不能让友里也变成一个惯偷。初枝死后，他看着治和信代找到了初枝的存款，只顾开心地数钱，可能那个时候就对他俩寒了心，也对这个家庭多了份厌恶的心情。也许从那个时候开始，他就在等待一个让一切结束的契机。一切真正崩塌，还是从又一次超市行窃开始。那一次的狼狈，让祥太还只是个孩子的特性暴露无遗。 祥太一开始让友里等在超市外边，大概那时他已经明确不想让友里再偷东西，当看到友里也进了超市还想偷零食的时候，他的“喂”是出于阻止，友里却会错了意。个人觉得祥太本来是想通过再偷一次偷东西来确认自己对偷窃这件事是否厌恶，结果为了掩护友里，一切被打乱。 友里偷藏零食的举动太过明显，为了掩护她，祥太打翻罐头，偷走一袋并不需要的橘子转移店员注意，又在走投无路时选择跳了下去，摔伤了自己。一旦入院，种种线索必然会加快浮出水面的过程。但他跳下去时有没有想那么多，也不知道了。毕竟最后他和治分别时说自己当时是故意摔倒，可能也只是为了减轻治当初抛弃他的愧疚。和友里对比，在原生家庭的时间里祥太可能也是被忽视的（被父母遗忘在车里很久），但应该没到被虐待的程度。而对原生家庭朦胧的记忆，以及自始至终对治教育方式隐隐的不齿和不认同，让他始终无法开口管治叫爸爸。但最终在公交车上他看着治渐渐远去的身影，叫出了那声治等了很久的“爸爸”。过上了正常的集体生活之后，对于那个家庭，他终究是怀念的。是枝裕和此次对祥太这个角色的偏爱，是很明显的。不仅镜头相当多，而且有一个相对完整的自我否定—自我重塑的过程。值得一提的是祥太略显傲娇的性格非常有意思，面对治让他叫爸爸时爱理不理的态度，面对警察时的气定神闲都是很有趣的设定。而和14年前的《无人知晓》相比，同样是不能生活在阳光下的黑户孩子，祥太的造型竟然还潮了很多，发带+oversize卫衣，搞得当年的影帝real苦孩子了。友里：同样是小孩，相比祥太，友里的未来却是暗淡得多的，因为原生家庭的阴暗和暴力很可能将会一直伴随她。友里的父母在选角上能感觉到凸显了两人的年轻，他们非常缺乏责任感，同时对友里并不关心，很可能友里是个计划外的孩子。从治和信代打算抱友里回本来的家时友里家里传出的争吵可以听到，友里的父亲对妻子有很严重的家暴行为，不止对妻子，可能对友里，拳打脚踢都是家常便饭。而友里的母亲可能也因此对友里进行报复性的施暴，轻则忽视，一日三餐都懒得照顾，重则殴打。因为友里还上着幼儿园，为了掩饰自己的暴行，这对夫妻也强迫友里记住了对外说辞：伤疤是自己摔的，妈妈对自己很温柔，还会给自己买裙子。刚到新家以后友里尿床了，信代让友里道歉，友里的三声对不起说得驾轻就熟，可见友里在原生家庭里被自己的母亲要求道歉过很多次。而为了补偿给友里买裙子，随后再次施暴，如此的循环往复已经给友里造成了条件反射一般的痛苦回忆，当信代和初枝带她挑选裙子的时候，她一点不开心，而是担心接下来会不会又要挨打。信代带来的满满温情让她暂时忘记了之前的伤痛，而警察却又把她带回到之前的地狱当中。她不是无人认领的孤儿，她有家可回，哪怕那个家里的爸爸妈妈在她失踪两个月以后都没报警。被接回以后友里的父亲继续家暴，友里的母亲对待友里也依然冷漠敷衍。她强堆起笑容说会给友里买裙子，让友里到她身边的样子，简直是令人不寒而栗的。而友里这一次选择了拒绝。她如此抗拒，可能是因为平时她妈妈都是以先补偿后打骂的名义发泄暴力，联系之前信代带友里偷裙子那里友里问得了裙子会不会被打，应该是如此顺序。如果此猜想属实，说明女儿失而复得友里的生母也完全没有悔过和改变。 只要在这个家里一天，友里的命运就会多一天重蹈覆辙的危险。最后被剪掉的结局，友里和治再度相见，会不会有朝一日治再次带走友里，也不好说了。但真的那样，就是完美结局吗？亚纪：个人感觉，亚纪在这个家庭里的立场，是最为游离和尴尬的。在这个虚假的家庭里，她的年龄不上不下，虽然身份是信代的妹妹，但她既没有话语权，也不可能像两个小孩子一样无忧无虑地活着，再加上友里加入之前她是五人里最晚加入这个家庭的，因此除了和初枝很亲以外，她和剩下成员的关系，都是较为疏离的。亚纪的原生家庭，家境优渥，也没对她家暴，但仍然充斥着忽视和偏袒。妹妹纱香出生以后，不知道从何时开始，慢慢分走了父母对亚纪的爱和关心，亚纪离家出走一年以上，亚纪的父母照样泰然自若，可以在初枝面前信口编造亚纪出国留学的谎言。可以说亚纪的父母，已经抛弃了亚纪。关于亚纪的家庭，不少观众认为纱香是亚纪同父异母的妹妹，妹妹出生以后亚纪的继母开始排挤亚纪，但小说里提到亚纪家里的父母就是自己的亲生父母，而这样的设定反而更讽刺了。亚纪的父母依然会把大女儿的照片放在客厅显眼的位置，但对亚纪的态度却是任她自生自灭。 在别的讨论帖评论里看到，《小偷家族》小说里有提到亚纪小时候和妹妹一起学小提琴，父母觉得妹妹更有天赋，为了节约开支就希望亚纪不要学了。而亚纪和父母的疏远显然也不是短时间形成的，但在亚纪做过什么情况不明的前提下父母为什么如此偏爱纱香，也只能说就是会有这样的父母吧。亚纪的性格里也有很强的自我放纵和消极因素。她靠着jk风俗店的软色情服务赚着3000日元一次还要和店里对半分的零花钱，将妹妹的名字纱香作为工作时的艺名，算是对自己家庭，以及夺去了父母关爱的妹妹的小小报复。通过台词可以感觉到，亚纪在风俗店里并不太受欢迎，客人也不多。她是有家可回的，那个家窗明几净，那个家里的人对她视若无睹，但也不会对她拳打脚踢。而这样的亚纪，有了自残倾向。风俗店的常客四号先生，很可能也是一个缺爱的失败者，一个失语的边缘人。他的手背上带着伤痕，是打自己留下的。这让亚纪惊喜而又悲伤—她就这样找到了自己的同类。于是她要紧紧地抱住四号，哪怕自己从他那里也获得不了什么。而初枝则是亚纪生命中的那道光。她们在亚纪爷爷的葬礼上相识，初枝带着亚纪搬到了自己破落但又温暖的平房里。那里拥挤而简陋，但她可以像一个最普通的孙女一样和奶奶盖一个被子，倒在奶奶怀里撒娇。尽管是小三和自己前夫生下的儿子的女儿，但初枝真心把亚纪当亲孙女一样宠到了天上。甚至从亚纪家里“勒索”来的那十几沓三万日元的钞票，可能都是偷偷留给亚纪的。 友里的出现同样给亚纪的生活带来了新的暖意。大家给友里起新的名字时，亚纪说她这也有个备选：纱香，也就是自己亲妹妹的名字。初枝在友里来了以后一直非常疼爱友里，甚至友里尿床，初枝让友里睡在自己的褥子上--而那是亚纪的位置，她应该是很爱和初枝奶奶睡在一起的。亚纪可能也想把友里当成这个家里她的新妹妹一样关心，但同时又有一点点担心友里像纱香分走父母的爱一样分走初枝的爱（后者成分应该很少），所以想管友里叫纱香。但这样慈爱的初枝奶奶去世以后，亚纪的世界再次崩塌了，因为那束光就这样消失了，而那个带给她家的温暖的老人，就这样被草草埋在了泥土之下，都不能体面地死去。警察审问时可以看到，亚纪的手上多了些伤痕—她又开始打自己了。是从什么时候开始的呢？而警察诱导性的问题让她产生了疑问：奶奶难道一直瞒着她和父母串通一气吗？是自己的父母定期给钱她才肯照顾自己吗？只能说是枝裕和真的很残酷，不仅亚纪的戏份剪了挺多，（北京首映的映后talk里lily桑说初枝死后夫妻找出信封数钱那段本来还拍了亚纪看到两人对钱的态度非常气愤，和信代打架的镜头，结果成片里没保留）而且不断让亚纪这个角色经历失去宝贵之物的创痛，甚至连亚纪所剩无几的信念都被动摇了。不过最后，亚纪回到了已经空空荡荡的屋子里。我想她最后还是选择了相信自己一直相信的东西。是枝裕和从《步履不停》到《小偷家族》之间的六部家庭戏，从各个角度和剖面写尽了原生家庭潜在的阴暗面和与之平行的家族之间各成员的羁绊，同时又乐此不疲地探讨着家庭这个词汇所能承载的形式。《步履不停》里主角和带子寡妇的婚姻，《如父如子》里精英家庭和市井夫妇的孩子被调换，本该毫无关系的两家人被迫成为命运共同体，《海街日记》里原配所生的三姐妹在父亲死后接纳了他和小三生下的孩子，《比海更深》失败的男主失去了人夫的资格，面对前妻找到新任随时处在再度父亲失格的惶恐中。直到《小偷家族》，六个完全没有血缘关系的人自然而然生活在一起。最幸福的时候他们比任何别的家庭都更像一家人，但当一切秘密被揭穿，他们也都陷入了自我怀疑和自我否定的痛苦当中。同时本片在剧情和人设上仍不免令人想起04年的《无人知晓》，同样是没有户口和合法身份的“黑孩子”，是枝裕和花了14年时间完成了自己的虐心闭环。如果说是枝裕和与摄影瀧本幹也合作的《如父如子》《海街日记》是他影像美学的高峰，以高素质的唯美滤镜包裹日常之下的不堪和尴尬，通过温情和角色的个人魅力“粉饰”八点档狗血剧一般的背景设定，那《小偷家族》则是让寒意慢慢放出，彻底侵蚀和颠覆原先易碎的温情与幸福。在文本上这次是枝裕和的角度也更为尖锐，小孩以外的四个大人主角，各有各的过往，是边缘人，是犯罪者，是报复者，但仍然无法把他们归类为简简单单的“坏人”。这种有血有肉、极度不完美又具有特殊魅力的人物设定显然也很考验国内各种“三观党”的共情能力。这个家族里的人虽然一度低微到尘土里，但他们的人性又那样浓烈而真实。             © 本文版权归作者           彩骚戏话           所有，任何形式转载请联系作者。         ,45
张科科,9569366,76,12,23,https://www.douban.com/people/32803476/,北京,1,纯洁心灵·逐梦演艺圈,https://movie.douban.com/subject/26322774/,曾几何时，你能想象出一部电影，丫每分钟都是槽点。就算你是想故意设计成这样，也不会达到吧。这不但需要极为高超的编剧技巧，同时也需要天赋。得此天赋者，百年一遇。只有那骨骼惊奇，眉宇间闪烁着光芒的少年才能有此杰作。以前我不知道，现在我确定，这个人，就是你，毕志飞为了证明我的论点，我在这个闷热的夜晚，用自己VIP优酷会员的资格，1倍速（强调，是一倍速），全程看完了这部电影。并且较为详细的做了拉片笔记。为了各位读者之后能够更好的观赏本片，我大致记录时码，不太准确，仅供参考。有痔疮，用肛泰20s 片头出现，low逼的字体25s 大海，两个傻子跑步，男的跑的像二嘎1min 一朵玫瑰花引发的追车戏，只通过快切剪辑，基本的追车镜头都不会安排2:30s 大段独白+叠拍反打，大一学生的分镜水平3min 开始尬舞，还换着地尬舞音乐没完就切走4min 表演艺术家出现了4min10s 海天盛筵出现了，导演说是张扬青春4min30s 一个广告都能拿这么多钱，怪不得崔永元要检举阴阳合同5min 还在介绍人物，纯用旁白啊，那还不如直接ppt呢6min 老师参加party留作业，傻逼吗6min 卧槽，连续叠化7min30 穷人家的孩子客厅好大，这么大了不会自己穿鞋吗卧槽，表演艺术家又出现了9min了，终于介绍完人物了片头出现了 LOW你麻痹黎族小妞都知道表演艺术家又出现了10min 卧槽刚入学的黎族小妞就要玩师生恋11min dj drop the beats，音乐不错12min 整容女嫌弃富二代13min 音频老师，你的音比调整了吗13min 老师的种子要发芽了，你丫还是憋土里死去吧14min 男生享受女生欺负自己愿意抽自己嘴巴，SM啊16min 黑车司机话真迷，老北京的哥啊17min 雨中争吵，因为没打上车，就分手了，不过我觉得分的不冤，你丫不会用滴滴啊17min 大段旁白18min 不是雨中分手了吗尼玛怎么又来个大老板插足，生戴绿帽子啊，大老板还给辆200万车，要我肯定同意，直接找更年轻的20min 潜规则戏码啊，女演员的台词都没背好吗磕磕巴巴的22min 这段对话，充分的展现了导演的编剧功力，深刻且全面的剖析的影视圈，点个赞26min 养父长得好像大山啊28min 整容女发誓要成名，但是，我不信30min 凤凰男出现了，人家都约你开包间了，你呀只是看出来人家只是个单纯的人，你才单纯吧31min 寂寞女找小鲜肉第二天当出场歌手就被包养，我也想33min 凤凰男开始玩碟中谍了36min 刚尼玛大一新生，就想着去北京买房，有前途，那会儿我光想着打魔兽呢37min 女生没戏拍就要去卖自己，那你还真可能让你实现诺言38min 卧槽全世界就一个牛导吗，不能多找两个配角演吗39min 人家都是借酒消愁这兄弟借矿泉水消愁40min 导演身后的霓虹灯挺调皮啊42min 这他妈的自己上门让导演占便宜，你麻痹，脑残吗43min 我操你妈尬舞又来了，什么意思44min 导演提出了一个问题，然后就隐黑，是自己也不知道怎么回答吗45min 叠化你麻痹啊46min 跟老奶奶玩车祸根，晨练不是在公园里吗，货车怎么开进去的47min 不是压的腿吗脑袋怎么上了，腿没事48min 终于照片叠化了ppt啊49min 卧槽偷窥狂小心窗户外面的怪叔叔50min 金杯送人，你妈大家就不能掏点钱租辆好点的车吗51min 老师的剧本拉到投资了，但是老板不让他吃饭，他很不开心53min 剧本完蛋喽，鼓掌54min 彝族女孩说：我回来啦，你当你是终结者啊55min 你要真在乎学生，你呀还开车走56min 上车两个字说的好调皮57min 追车戏啊，不刺激啊，固定机位啊，对切啊，=58min 钱老板生气的时候好娘59min 唱歌是几个鬼，疯了吗，那就让海浪带你走吧1h1min 正义的老板出现了，瞬间感化了整容女，1h3min 凤凰男后悔了1h4min SM女找到角色，大晚上去，你麻痹大家都不睡觉吗，有什么事明天说吗，何况你们呀不是整人家了吗1h7min 又是钱总，卧槽，你丫真是无处不在啊，大boss啊1h10min 男友好淡定，烟灰缸直接干死钱老板1h11min 老师提出辞职，学校没同意，校长，你丫是撒比吗1h12min 各位，我尼玛真的快看不下去了1h13min 当长工1h15min 凤凰男被绑架老师怎么来了，没理由啊1h16min 老师要死了吗，真的吗，开心1h18min 孙子，你丫怎么没死，为什么鼻孔总要插个管1h20min 黄如老师，你是不是心里分裂1h22min 张开双臂的女孩，哈利路亚1h23min 结婚了，呃1h26min 异地恋什么意思1h31min 玩倒叙啊，这个设计，没看懂啊最后，我就说一句，毕志飞探索了中国电影的底线，这等勇气，是我等俗人不可匹及的。用一句话来形容的话，那就是：“傻逼，滚出电影圈！”             © 本文版权归作者           张科科           所有，任何形式转载请联系作者。         ,10
猫司令,9568010,33,2,0,https://www.douban.com/people/Queenie.Emika/,New York City， United States,4,妈妈咪呀2,https://movie.douban.com/subject/27050259/,新的《妈妈咪呀》上映了。听说是原班人马，很多老歌新编，还有我喜欢的希腊风光——熟悉的海报把我的记忆一下子就拉回多年前第一次在新买的DVD上看第一部《妈妈咪呀》的快乐假期。于是我第一天就约上我妈，去电影院先睹为快。跟第一部一样，新的《妈妈咪呀》是以歌舞片的形式呈现了母女两代人的生命历程，故事线也是承接了上一部的剧情。这一部当中着重刻画了 Donna 年轻时的感情经历，把 Donna 如何与 Sophie 的三个爸爸相遇，相爱，用画面和歌舞充分展现了出来。两代人物故事线交错进行相互呼应，在叙事上比第一部更加丰富，更有层次感。让人没想到的是，在影片的一开始，本片原本的女主角 Donna 在现在时的故事线当中就已经去世了（也许是斯特里普的片酬没谈拢）。Donna 与三个男主的相遇，在时间线上与上一部稍有出入，与水手 Bill 的浪漫一夜调整到了在她与 Sam 的狼狈分手以后，使整个故事不至于陷入到一种低落的情绪当中。如果说上一部的妈妈咪呀着重呈现的是故事中欢快、明亮、没心没肺的风格的话，那么这一部的《妈妈咪呀》添加了许多温情，又有些许伤感的元素。虽然 Donna 作为母亲已经去世了，但是因为 Sophie 的意外怀孕而使得两人的心却贴的更近了。Donna 一个人在小岛上怀孕生产的这一段落，感动了无数人，也包括已经做了妈妈的我。我能体会到她的坚强、勇敢和坚持，这一切源于她对生命的热爱和对孩子的无限感情。而对于 Sophie 来说，当她自己怀孕后，她才真正的懂得、体会到了这份母爱——这就是人们常说的不养儿不知父母恩吧。影片最后当 Sophie 带着自己的孩子来到她母亲曾经给自己受洗的教堂，Donna 的灵魂又重新出现在这里，两个人共同演绎了一首歌，而这首歌也随着生命的延续，永远留在了每一位观众的心中。年轻版的 Donna 由莉莉詹姆斯饰演，莉莉虽然是英国人，但是她的形象非常美式，与设定中 Donna 活泼开朗生性自由的形象十分符合。她金色的皮肤，圆圆的大脸盘子，和并不苗条的身材，最初看来也许并不那么符合现代美人的标准。但放到故事当中，却使人物增加了许多朴实、善良、亲切的魅力。新的三位爸爸的年轻版也表现很好，特别是斯卡斯加德饰演的水手，俏皮可爱，很吸引人。而老一辈明星们的回归对于老粉丝们来说也是情怀满满，勾起多年前的回忆。加上雪儿、安迪加西亚等大牌明星加盟，本片的阵容可以说是给足了大家去电影院的理由了。作为一部歌舞片，音乐无疑是不得不提的。对于喜欢第一部《妈妈咪呀》的观众来说，这部你们等待了多年的续作正是为了满足你的期待而生的——再来一次别出心裁的 Abba 金曲大串烧！如果说有不少 Abba 粉丝们喜欢的曲目没有在第一部中被选用是一种遗憾的话，在第二部中它们以更精彩的编排被呈现在观众们面前，还有比这更好的弥补吗？而许多经典的曲目由好莱坞明星们重新演绎后，也焕发了新的魅力。 当一船的人唱着歌跳着舞来到联结着所有人的 Hotel Bella Donna 时，《妈妈咪呀》熟悉的欢乐氛围又回到了荧幕之上。近几年不断有优秀的歌舞片涌现，多数都有不错的水准。《妈妈咪呀2》作为经典作品的续作，保持了前作的特色，情怀，又升级了叙事手法，注入新的剧情，使影片的观赏性大大提升，是暑期档非常值得一看的电影。             © 本文版权归作者           猫司令           所有，任何形式转载请联系作者。         ,35
叶子,9568722,38,7,13,https://www.douban.com/people/80292676/,未知,5,一出好戏,https://movie.douban.com/subject/26985127/,  【写在公映前】我看的搜狐专场提前点映，非专业影评，纯属个人感受。电影生猛、味道特别，艺术性娱乐性兼备，爆笑与深思同在，瑕不掩瑜，极具视觉观赏性。这里试从美术角度选谈谈电影的独特之处，不捧不黑，但，我确实体会到一出好戏不一样的味道，以至于需要二刷才能说得更准确（这篇也在断断续续修改，用文字表达电影画面感受实在难）。黄渤说希望观众看这部电影能“各取所需”，正如一千个人就会有一千个哈姆雷特，黄渤其实提了一个很高的观影期待。我取我所见所想：视觉。  之前看过豆友和其它平台网友各种期待、一些好评和担心（尤其是看过预告片降低预期的朋友），现在想说，不必担心，不看是遗憾，只是不理解黄渤初导大电影为什么选这样的题材，以及野心太大（追求过高）要这么拍，一点不讨巧。黄渤做演员就是个有才华的怪咖，如果观众对电影的期待停留在黄渤过去演的喜剧里就不太对得上，感觉他导的电影从剧本选材和风格上都比较特别，用他自己的话说“有点意思”：1、黄渤没有选讨好观众的题材（爆米花式喜剧、爱情剧等），也没有选类似《我不是药神》的现实主义题材。2、没有按照纯粹类型片的方式拍电影（说海难剧也不太对，好莱坞式的拯救也是看烦了），这部电影风格大概是“喜剧+超现实主义+戏剧+寓言”，连管虎都说无法归类（拍个轻松的喜剧多好，毕竟大部分观众走进电影院是为了解压的）。3、电影故事背景是选取小岛这个狭小的空间来拍，除了海景就是孤岛—么得玩。所以觉得选材实在是先满足处女座导演自己的喜好与追求第一要紧，以折磨自己为乐—还好看完电影，感受到他的用心和诚意。   历史上的绘画风格对摄影、影视风格的影响此不赘述。电影首先是画面的艺术，但如果仅有好看的画面，不能与剧情和演员情感表达结合贴切，再好的画面也只是浮光掠影。源于二十世纪初的超现实主义对文学艺术等领域的影响深远，超现实主义绘画里有西班牙画家达利的超写实手法，也有俄罗斯夏加尔梦幻式的色彩。当写实不足以表达内心深处的情感，受弗洛伊德潜意识学说影响的超现实主义打破时空、真实生活与梦的界限描绘一个真实而奇幻的画面，因视觉感受的荒诞性使人产生丰富的联想和思考。当然这电影里还有日本浮世绘的富丽、巴洛克画风的动感和戏剧性、布鲁盖尔《巴别塔》式寓言。这些画风都具有不稳定性、特异性、甚至某种夸张性，无疑加剧了电影的戏剧张力和观影效果，也使这部电影显得有点特别，一般影迷和深度影迷都能有较好的观影体验，并不晦涩难懂。一、超现实主义的奇美与荒诞（一）鱼雨 电影中的鱼雨   鱼雨的出现使我立刻想起比利时超现实主义大师马格丽特作品，孤寂世界荒诞烂漫的诗意。从内容上又容易想起马尔克斯的魔幻现实主义。鱼在中国文化里有多重含义，此不赘言。在这部电影里，鱼意味着活着、梦想...因为“鱼”，才有小岛众生相，“鱼”是这部电影重要的视觉符号之一。   一场铺天盖地的鱼雨从天而降改变了主人公马进的命运。这里应有特效（看介绍有一千多个特效镜头，电影开头的特效是大手笔），也有实物（看花絮介绍，实物鱼以吨计）。预告片里有这个镜头，只是一点点，需要在正片里结合雨鱼之前和之后发生的事来感受这段，亦真亦幻，鱼之多色彩之美使画面十分奇瑰、逼真，生活里不常见，有荒诞感，也使电影剧情转变巧妙。当然还有一棵让人爆笑的“鱼树”。“鱼”的符号在电影里荒诞美好一如玛格丽特油画....比利时 超现实主义大师 马格丽特作品   饥饿难当的众人一起来抢鱼，及富动感的画面配以经典歌剧选段和，观影体验特别，美的心酸。不由想起《心花怒放》里耿浩被打的片段，但抢鱼这段感觉更好。（二）倒置的大船西班牙 达利 《有天鹅的倒影》    颠倒的世界在达利和夏加尔的油画里很多。达利的《天鹅在水中的倒影》，是天鹅也是大象，孰真孰幻在观看中会不断转换视觉感受，你不会停留在但单一的图像和感受中。电影里出现一艘倒置的大船，地板在头上，桌椅固定在天花板上，落难众人在这底下生活已经足够奇特了。最奇特的是宝强演的王根基知道真相后欣喜癫狂，众人嘲笑并去抓他，然而电影中整个画面又颠倒过来，更加的荒诞不经。在打斗中模糊了是非、真相和谎言的界限，模糊了我的双眼，悲喜交加（有一定生活阅历的人欣赏这段感受更深）。这是电影最张狂的片段之一，精彩！宝强这段表演几近疯癫，令人心碎。大船—电影里的诺亚方舟，不只是救赎，也有悲剧意味，如同圣经里的巴别塔。尼德兰 布鲁盖尔 《巴别塔》油画   巴别塔是圣经里的寓言。电影里那艘救命的破烂大船，视觉效果震撼，让我不由联想到油画《巴别塔》。两者不一样但都是众人聚集的小社会的象征。整部电影的寓言感在这里尤其强烈......大船最后的片段是整部电影的高潮，梦想与幻灭在一场史无前例的冲突中令人泪流满面，震撼太震撼了！（不剧透的痛啊……）最终马进式的拯救还是给电影带来了积极的意味而非悲剧—虽然关于真相与谎言的几场群戏看的令人悲戚。  （8月19日补充）幕后视效放出电影美术指导林木专访，终于看到大船设计图，我感受到的与原设计意图不谋而合，链接里有更多与电影相关的总体美术设计介绍https://media.weibo.cn/article?id=2309404274388089310466 大船设计专题特效https://media.weibo.cn/article?id=2309404274028129967041 （8月21日电影官微）导演黄渤与美术指导的访谈视频，一部认真用心的电影👍https://weibo.com/u/6254948276官微访谈截图大船黑白设计图大船渲染色彩后的设计图以上特效分解图 林木与导演黄渤在工作中倒置的大船概念图大船设计意图内部倒置空间宗教画即视感 （荒诞之极）  上面这张合影电影里没有，于我是意外的惊喜！电影中不多只有几秒的弥撒曲以及马进的演讲无不提醒着宗教感。本张照片宗教感带来的联想是人物头上的光环（神迹and便池），按照船是倒置的逻辑去思考顺理成章—然而荒诞感依然溢出整个画面。令人忍不住想起1917年达达主义和超现实主义先锋杜尚的作品《泉》，杜尚的作品是对美术传统审美的批判与颠覆，而这未呈现在电影中的合影意味着人性和神性的颠覆。不得不说这部电影确实值得琢磨和玩味。如果荒诞感玩到极致估计一般观众无法接受了。法国 杜尚 装置作品《泉》真假莫辨的世界狭小空间里都自以为是的众生相达•芬奇《最后的晚餐》罪恶与救赎  以上两张图并置，令人浮想联翩……类似的画面，不一样的隐喻。  （8月21日）电影官微发布新海报，忍不住收进来。创作借鉴了法国画家卢梭的作品，充满神秘感，把人类的恐惧呈现无疑。get！《一出好戏》海报法国画家卢梭油画作品（三）爱情俄罗斯 夏加尔 超现实主义油画俄罗斯 夏加尔作品   马进坠落中脑中闪现女神的各种洞穴相处的画面，珊珊在天上飞翔....立刻想起夏加尔那些烂漫爱情题材的画作。这个片段是整个电影里最清纯最甜美的画面，配上王菲的《找朋友》，实在妙不可言。《当每颗星星》主题曲响起，楼主又一次泪目，我这泪点高的人也是服气阿信写的歌。在搜狐专场，主持人问黄渤，为什么请舒淇，黄渤开玩笑说漂亮，王迅说便宜，最后黄渤说这不是爱情片，但这根线又不可或缺，占得时间不多又得讲好，就请有丰富经验的舒淇来演。舒淇的演的非常好，电影里最柔和的部分。其他人都有不同的转变，这里不剧透。   超现实主义风格的运用确实给这部电影增强了观赏性，拓展观影思考空间。体现了黄渤对电影的追求。之前被预告片哪些夸张的笑声和无剧透没联系的画面看的尴尬的朋友看了正片就释然了。二、浮世绘画风的寓言展现社会和人性百态日本 葛饰北斋《巨浪》   日本浮世绘风格鲜明，大多描绘世俗市井生活，对西方现代绘画产生深远的影响，如印象派和后印象等（比如梵高，受浮世绘影响很深，他的作品虽然是在观察自然基础上进行创作，但带有更为个性化的情感表达）。其中一百多年前浮世绘大师葛饰北斋的代表作《巨浪》元素被用在一出好戏大富翁版海报里，海报色彩富丽，很有戏剧性。浮生若梦，人得给自己找到活着和做梦的理由....整部电影就是一部浮世绘。一出好戏 大富翁版海报一出好戏  大富翁版海报     看完电影才发现这四张海报涵盖了主要剧情，可惜关注的人太少，个人相当喜欢这四款经典海报。《巨浪》画作中的景色与里面的人物动感极强，画面激越澎湃，富有戏剧性和奇特的美感，表现在电影里既有片头的海难场面，又有岛上生活众生相（动感十足的戏份非常多），剧情转换和电影节奏让人观影无法疲惫。电影里没有直接表现世俗世界的社会生活，而是将岛外世俗生活的影响在特定环境中投射于人物内心及言行变异中，所以电影画面的象征性和带给人很多思考和想象空间…岛上生存问题解决了，世俗的意念和企图又回到人的心中，是人类无法脱离的魔咒。生活的狰狞重新张牙舞爪的表现在落难众生的言行里...所幸有个珊珊，代表着电影最美好的东西：人性中的真、善与爱。一出好戏 大富翁版海报一出好戏 大富翁版海报三、电影中的巴洛克画风加强了戏剧冲突的张力巴洛克风格 古典油画    电影如何在有限的空间里表现人物、展开剧情，感觉是对黄渤的又一个挑战。所幸他有多年积累的电影表演和舞台戏剧表演经验，作为主演，马进这个角色能让你想起黄渤以前演过的众多小角色的卑微，也有《斗牛》中牛二的凝重，角色非常厚实。尤其是几场群戏、冲突戏和内心复杂的哭戏，画面仿佛是在看古典巴洛克油画—运动中的凌乱、俗丽，还有属于马进独有的绝望和悲怆（可惜没有对比剧照放进来）。很多画面油画感十足，包括黄渤和张艺兴在大海的落日里打鱼的场景，特别美，恍若法国十八世纪现实主义油画。电影里有很多喜剧元素，从台词到情景有很多令人发笑的地方，此不赘述。作为导演带动其它演员演技都有也不同程度的发挥，戏精如于和伟、舒淇、王迅、李勤勤、宝强就不多说了，张艺兴的戏让人眼前一亮，原来他还可以这样演。洞穴里、船里的群戏张力十足，看的非常过瘾。   整部电影有个别不适应的地方，有的地方转换过快，有的显得生硬（估计是剪辑多次造成的），但主线非常清晰，完整，看到最后，我忘记了演员是谁，只有角色，电影令人回味思考，犹如品茶。 我给电影本身打四星，感觉黄渤想表达的东西稍多，相信他也一定有遗憾。再加一星给黄渤对电影的态度和追求，共五星。非专业影评人，觉得自己没有资格批评也不太会批评这部用心的作品，缺点留着让专业人士说吧，我只从美术角度说说我感受到的。电影究竟如何？我说的不算，等待豆友们到影院亲鉴—我和他一样期待观众认可，祝黄渤好运！ 祝电影大麦！   �P��[��m             © 本文版权归作者           叶子           所有，任何形式转载请联系作者。         ,35
kiki拉雅,9568543,31,4,1,https://www.douban.com/people/61095484/,云南大理,5,美食大冒险之英雄烩,https://movie.douban.com/subject/26290398/,听到这个电影名字的第一反应是： what？作为吃货的我必须看看美食还能干出什么大阵仗来。看完电影后的我：hey，一个包子都当了大英雄！我……也要完成自己的梦想。电影里以包子小强和寿司武士作为主线，来了一场香料四溅，唾沫横飞的大冒险。首先说说片子的制作上简直可以媲美皮克斯。影片里不仅仅角色是食物，就连那些山丘、沼泽，河流都是可以吃的，在那个令人向往的美食世界里，有鸡汤湖、豆腐沼泽、面包玉米地、芝士沙拉岛、巧克力树等等，还有红枣猪、红毛丹大蜘蛛、辣椒蜂鸟、茄子鸟、萝卜海鸥……一草一木、一人一物都是看起来又美味又好吃的食物。 当然精良的制作离不开故事本身，电影中通过小包子包强和寿司武士武藏的成长救赎之路传达出的价值，才是最值得我们去思考的闪光。小包子包强最初的小强只是一个被师傅嫌弃的混混，他每一次的出场都是声势浩大结果都成为笑柄，但是那又怎样，别人的嘲笑仍然磨灭不了他的英雄心。他坚信馒头大师说的：人人皆可成英雄。只是那时候的他，还不懂这句话的真谛，他以为上了战舰去打海盗就是英雄，所以他不甘心待在蒸盒号里做一个后勤。当小强被埋在石灰之下时，有一个镜头特别有意思，小强在潜意识里见到了馒头大师的雕像复活，他以为自己抓到了救命的稻草，可是雕像告诉他，他只是一块被雕刻成馒头大师样子的石头。他伤心地念叨着只有馒头大师能救他。可是石头告诉他，他虽然不是馒头大师但他仍然是英雄：“我经历了千百年的风吹雨打仍然站在这里，我难道不是英雄吗？”石头的话点醒了小强，原来英雄是不需要模仿谁的，找到真正的自己了便是英雄。寿司武士武藏寿司武藏原本是个反面角色，没想到却给了我最震撼的一击。武藏在最后舍命救小强时，跟小强说了声谢谢，他谢的是小强对他的救赎。这种救赎不仅仅是因为小强救过他的命，更多的还是对于他灵魂的救赎。以前的武藏只是一个死守武士守则的雇佣武士，他坚信武士如刀，不分对错。那个时候的武藏只是一个没有灵魂和思想的武器，是小强一路上的行为感染了他，让他成为了一个完整的武士，而不是被人利用的躯壳。打败海盗王之后，小强丢掉五味石拼命地挖掘被埋在地下的武藏，万叔看到他这么着急拼命慌忙帮他一起挖掘并问道：“怎么，五味石埋在里面了吗？”小强哭着说：“是武藏。”所有人都觉得五味石才是宝藏，可是在小强的心里，和他一起打败海盗王的武藏，这个和他肝胆相照的兄弟，才是他的宝藏。在食物的世界，对于包强和武藏来说，他们需要站出来维护世界的味道；而在人类的世界又何尝不是如此，对于我们来说，我们需要的是认识自我、分清善恶，纵然世界如何，我们依然要活得像当初那个相信自己、不轻言放弃一往无前的孩子。,40
世界尽头,9568060,33,4,8,https://www.douban.com/people/156941004/,未知,5,楚门的世界,https://movie.douban.com/subject/1292064/,在楚门的生活中没有基丁这样的启蒙者，他要自发地觉醒并进行自我拯救，这在现实中几乎不可能，所以影片里，体制是不怀好意的，比起跋扈专横的父权，它演变成全民的偷窥行为。在这座无所不包的摄影棚里，导演给了楚门安逸、中产的生活，让他衣食无忧，快乐逍遥，代价就是导演把一个真实无虞的楚门呈现给全世界的观众。 对于这种傀儡生活，早已明白真相的其他演员视之如圭臬，他们称它“典范的生活”，“完美的生活”，“我的全部生活”。当人懂得和体制交换的时候，他们可以将真实的自己和盘托出，因为他们的眼里，在与体制作出等价交换以前，真实对他们什么也不是。而一直被欺瞒的楚门在真相大白的一刻选择了决裂，虽然导演最后苦苦规劝，声情并茂，告诉楚门外面的世界和他给楚门的一样虚假，一样有谎言，可是楚门还是决然而去，寻找没有“导演”的生活。结局虽然快慰人心，可是看过之后还是不免陷入悲观，也许楚门得到只是又一个圈套，不同的是他只是又回到了欺骗的起点，就像是他刚刚出生一样。怪不得朋友看过之后不觉得释然，反而失落，并对楚门的世界产生了深深地向往……,45
平成御宅,9568611,52,1,9,https://www.douban.com/people/christan1987/,Zürich， Switzerland,4,盛夏,https://movie.douban.com/subject/30162520/,我的心情取决于喝了多少瓶酒。列宁格勒的美妞像铁线虫一样入侵了我的灵魂和身躯 。我年幼无知的生命从此离不开朗姆、伏特加，白兰地和威士忌。你个傻逼维克多为什么要修改我的歌，你把我一枪崩了我还是会赞美伟大的社会主义。你个傻逼要么唱好儿歌，要么给你儿子教画画，不要影响我弹唱长征二万五千里，你听说过没见过的朋克。等杰尼亚长大，给他一把吉他，没有吉他睡不了妞，没有妞生不了娃，没有娃爷爷老了没人一起玩耍。你要庆幸生在列宁格勒，庆幸生在共产主义，庆幸美帝雄鹰见了我们都会闻风丧胆四处逃窜的喀秋莎。我们曾经一起跳着芭蕾，天鹅绒乐队来给我们助威，黑胶唱片里都是我们的青春和性爱。萨利不会跳舞，他带着孩子去了地下，那里有流浪诗人，有糖葫芦，有等着被买走的套娃，回家后睡觉梦见了鲍勃迪伦。夜晚的墙角，寒气逼人，我们为乐队的名字愁出了皱纹。木箱上躺着不安分的摇滚，醉汉、廉酒、基诺、餐叉、螺锥、沙丁、外套、皮革，妈的，世界上那么多词汇，这一刻都被狗吃了。为了买吉他，我们去卖淫，为了买扩音器，我们去车站偷画，为了买啤酒，我们用香烟换了阿拉丁。不要给我打电话，不要跟我说英语，不要来我的演唱会，给我三卢布，让我买一杯咖啡。 公车上胡子花白的老爷爷，海滩上赘肉下垂的妇女，记得周末给他们让座，记得抽空陪她们烤肉，回来时记得爬窗户。奶酪、苹果、鸡肉、米饭、香肠，大哥的女人就的是屌，带着这些食物穿过整个城市，茶杯都没有碎。街上的枪声不妨碍我们的慵懒和宁静，苏联的上空飞机是我们的和声，醉汉的酒瓶是我们灵感的源泉，午餐的排水沟是敏锐坚硬的摇滚英雄。我们不是懒惰鬼，我们是工人阶级、无产阶级，是蓝领的抒情。酗酒、滥交、毒品、偷盗、烧杀抢掠，财富、自由、平等、意识形态、这个世界的阴暗太多了，我们的乌托邦必须站出来发声、站出来批判，用我们的喉咙和麦克。友情、爱情、音乐、理想，军队，要歌颂的太多，不如散伙。我的墨镜看不清你的瞳孔，台下的掌声震耳欲聋，这是摇滚之星的见证，女粉丝总是尖叫，仿佛刚刚经历过高潮。你曾是一个披头士，跪下来双皮大衣褶进鞋底，老母亲在家乡为你祈祷，回音穿透时空的旋律。娜塔莎啊娜塔莎，你那么喜欢西红柿，为什么不跟烟嘴少年私奔啊，不要做被大哥栓住的女人，趁年轻，去艹小鲜肉，让大哥去雨里买醉沉思吧。娄里德说美好的一天，要去公园里喝酒，去动物园喂动物，看电影，然后回家写一首没有任何意义的歌。在一辆电车的车窗上，我用手指临摹着不好的话，排水管在弹奏这音乐，我的头因为淋雨像草一样。城市现在又湿又潮，我不打伞散步，闪闪发光的玻璃就像雨中的镜子，我会到处走走，四处看看别人的家。没有人需要我，我也不需要任何人。雨后的屋顶在滴雨，这里都是温暖的天气，我希望一直如此。如果你微笑的话所有的事情都不坏，让我们坐下看看世界，通过一杯酒。X时代，O时代，我们很陌生，你看到我们才会了解，我们是疼痛的陌生人，我们都是任性的索求，不要想着我们其中任何一个还需要什么东西。梦想中的演唱会，一个能容纳千人的体育馆，声效、灯光、彩色烟幕，三个鼓手，两个画手，一个纯白，一个彩色，十人吹风，大象进来，一个弦乐队，一架由人民艺术家演奏的竖琴。我是一个老共产党员，我想唱一首有关蒸汽机的歌。我梦想和你住进一栋旧旧的城堡，听着布鲁斯蓝调。但我们拥有的，只是一间集体公寓，和看门人的薪水。我要种下一棵树，老了爬到树上，看我们曾经的房屋。直到我喝酒喝死，直到我看不见你，直到我忘记你。             © 本文版权归作者           平成御宅           所有，任何形式转载请联系作者。         ,40
